img,labels,pred,prediction tag,labels bin,percent labelled,accuracy,mPrecision,mRecall,mIoU,mF1,img file,gt file,labels file,pred file
TCGA-A1-A0SK-DX1_xmin45749_ymin25055_MPP-0.2500_crop-750-2000-750-2000,TCGA-A1-A0SK-DX1_xmin45749_ymin25055_MPP-0.2500_crop-750-2000-750-2000_perc-1,TCGA-A1-A0SK-DX1_xmin45749_ymin25055_MPP-0.2500_crop-750-2000-750-2000_perc-1_UNI,UNI,1,0.882688,0.78021824,0.5126782617788693,0.7532794193666686,0.4118031187665839,0.5484742828351439,/imaging.data/rschwob/24-07_histo_segmentations/data/TCGA-A1-A0SK-DX1_xmin45749_ymin25055_MPP-0.2500_crop-750-2000-750-2000.tif,/imaging.data/rschwob/24-07_histo_segmentations/data/TCGA-A1-A0SK-DX1_xmin45749_ymin25055_MPP-0.2500_crop-750-2000-750-2000_GT.tif,/imaging.data/rschwob/24-07_histo_segmentations/data/TCGA-A1-A0SK-DX1_xmin45749_ymin25055_MPP-0.2500_crop-750-2000-750-2000_perc-1_LABELS.tif,/imaging.data/rschwob/24-07_histo_segmentations/data/TCGA-A1-A0SK-DX1_xmin45749_ymin25055_MPP-0.2500_crop-750-2000-750-2000_perc-1_UNI.tif
TCGA-A1-A0SK-DX1_xmin45749_ymin25055_MPP-0.2500_crop-750-2000-750-2000,TCGA-A1-A0SK-DX1_xmin45749_ymin25055_MPP-0.2500_crop-750-2000-750-2000_perc-1,TCGA-A1-A0SK-DX1_xmin45749_ymin25055_MPP-0.2500_crop-750-2000-750-2000_perc-1_DINOv2,DINOv2,1,0.882688,0.86468864,0.5658360067146442,0.8299033316354487,0.4894595077282527,0.6022714523511516,/imaging.data/rschwob/24-07_histo_segmentations/data/TCGA-A1-A0SK-DX1_xmin45749_ymin25055_MPP-0.2500_crop-750-2000-750-2000.tif,/imaging.data/rschwob/24-07_histo_segmentations/data/TCGA-A1-A0SK-DX1_xmin45749_ymin25055_MPP-0.2500_crop-750-2000-750-2000_GT.tif,/imaging.data/rschwob/24-07_histo_segmentations/data/TCGA-A1-A0SK-DX1_xmin45749_ymin25055_MPP-0.2500_crop-750-2000-750-2000_perc-1_LABELS.tif,/imaging.data/rschwob/24-07_histo_segmentations/data/TCGA-A1-A0SK-DX1_xmin45749_ymin25055_MPP-0.2500_crop-750-2000-750-2000_perc-1_DINOv2.tif
TCGA-A1-A0SK-DX1_xmin45749_ymin25055_MPP-0.2500_crop-750-2000-750-2000,TCGA-A1-A0SK-DX1_xmin45749_ymin25055_MPP-0.2500_crop-750-2000-750-2000_perc-1,TCGA-A1-A0SK-DX1_xmin45749_ymin25055_MPP-0.2500_crop-750-2000-750-2000_perc-1_VGG16_l-0_s-1-2,VGG16_l-0_s-1-2,1,0.882688,0.70954496,0.4217871025588428,0.65288999019845,0.3218350505410196,0.4403159945867533,/imaging.data/rschwob/24-07_histo_segmentations/data/TCGA-A1-A0SK-DX1_xmin45749_ymin25055_MPP-0.2500_crop-750-2000-750-2000.tif,/imaging.data/rschwob/24-07_histo_segmentations/data/TCGA-A1-A0SK-DX1_xmin45749_ymin25055_MPP-0.2500_crop-750-2000-750-2000_GT.tif,/imaging.data/rschwob/24-07_histo_segmentations/data/TCGA-A1-A0SK-DX1_xmin45749_ymin25055_MPP-0.2500_crop-750-2000-750-2000_perc-1_LABELS.tif,/imaging.data/rschwob/24-07_histo_segmentations/data/TCGA-A1-A0SK-DX1_xmin45749_ymin25055_MPP-0.2500_crop-750-2000-750-2000_perc-1_VGG16_l-0_s-1-2.tif
TCGA-A1-A0SK-DX1_xmin45749_ymin25055_MPP-0.2500_crop-750-2000-750-2000,TCGA-A1-A0SK-DX1_xmin45749_ymin25055_MPP-0.2500_crop-750-2000-750-2000_perc-1,TCGA-A1-A0SK-DX1_xmin45749_ymin25055_MPP-0.2500_crop-750-2000-750-2000_perc-1_ILA,ILA,1,0.882688,0.79573568,0.5022606609183129,0.7526096227585305,0.4116713045554848,0.5370989428629256,/imaging.data/rschwob/24-07_histo_segmentations/data/TCGA-A1-A0SK-DX1_xmin45749_ymin25055_MPP-0.2500_crop-750-2000-750-2000.tif,/imaging.data/rschwob/24-07_histo_segmentations/data/TCGA-A1-A0SK-DX1_xmin45749_ymin25055_MPP-0.2500_crop-750-2000-750-2000_GT.tif,/imaging.data/rschwob/24-07_histo_segmentations/data/TCGA-A1-A0SK-DX1_xmin45749_ymin25055_MPP-0.2500_crop-750-2000-750-2000_perc-1_LABELS.tif,/imaging.data/rschwob/24-07_histo_segmentations/data/TCGA-A1-A0SK-DX1_xmin45749_ymin25055_MPP-0.2500_crop-750-2000-750-2000_perc-1_ILA.tif
TCGA-A1-A0SP-DX1_xmin6798_ymin53719_MPP-0.2500_crop-2000-3250-0-1250,TCGA-A1-A0SP-DX1_xmin6798_ymin53719_MPP-0.2500_crop-2000-3250-0-1250_perc-1,TCGA-A1-A0SP-DX1_xmin6798_ymin53719_MPP-0.2500_crop-2000-3250-0-1250_perc-1_UNI,UNI,1,0.956032,0.84769472,0.60579646958981,0.5855395422500914,0.4339976634473845,0.5777534092588383,/imaging.data/rschwob/24-07_histo_segmentations/data/TCGA-A1-A0SP-DX1_xmin6798_ymin53719_MPP-0.2500_crop-2000-3250-0-1250.tif,/imaging.data/rschwob/24-07_histo_segmentations/data/TCGA-A1-A0SP-DX1_xmin6798_ymin53719_MPP-0.2500_crop-2000-3250-0-1250_GT.tif,/imaging.data/rschwob/24-07_histo_segmentations/data/TCGA-A1-A0SP-DX1_xmin6798_ymin53719_MPP-0.2500_crop-2000-3250-0-1250_perc-1_LABELS.tif,/imaging.data/rschwob/24-07_histo_segmentations/data/TCGA-A1-A0SP-DX1_xmin6798_ymin53719_MPP-0.2500_crop-2000-3250-0-1250_perc-1_UNI.tif
TCGA-A1-A0SP-DX1_xmin6798_ymin53719_MPP-0.2500_crop-2000-3250-0-1250,TCGA-A1-A0SP-DX1_xmin6798_ymin53719_MPP-0.2500_crop-2000-3250-0-1250_perc-1,TCGA-A1-A0SP-DX1_xmin6798_ymin53719_MPP-0.2500_crop-2000-3250-0-1250_perc-1_DINOv2,DINOv2,1,0.956032,0.87234944,0.6748990165161661,0.8131970553359062,0.5766530808567555,0.7130726311894593,/imaging.data/rschwob/24-07_histo_segmentations/data/TCGA-A1-A0SP-DX1_xmin6798_ymin53719_MPP-0.2500_crop-2000-3250-0-1250.tif,/imaging.data/rschwob/24-07_histo_segmentations/data/TCGA-A1-A0SP-DX1_xmin6798_ymin53719_MPP-0.2500_crop-2000-3250-0-1250_GT.tif,/imaging.data/rschwob/24-07_histo_segmentations/data/TCGA-A1-A0SP-DX1_xmin6798_ymin53719_MPP-0.2500_crop-2000-3250-0-1250_perc-1_LABELS.tif,/imaging.data/rschwob/24-07_histo_segmentations/data/TCGA-A1-A0SP-DX1_xmin6798_ymin53719_MPP-0.2500_crop-2000-3250-0-1250_perc-1_DINOv2.tif
TCGA-A1-A0SP-DX1_xmin6798_ymin53719_MPP-0.2500_crop-2000-3250-0-1250,TCGA-A1-A0SP-DX1_xmin6798_ymin53719_MPP-0.2500_crop-2000-3250-0-1250_perc-1,TCGA-A1-A0SP-DX1_xmin6798_ymin53719_MPP-0.2500_crop-2000-3250-0-1250_perc-1_VGG16_l-0_s-1-2,VGG16_l-0_s-1-2,1,0.956032,0.75296896,0.3706852763991679,0.4899102063201979,0.27961162188986,0.3953589526897609,/imaging.data/rschwob/24-07_histo_segmentations/data/TCGA-A1-A0SP-DX1_xmin6798_ymin53719_MPP-0.2500_crop-2000-3250-0-1250.tif,/imaging.data/rschwob/24-07_histo_segmentations/data/TCGA-A1-A0SP-DX1_xmin6798_ymin53719_MPP-0.2500_crop-2000-3250-0-1250_GT.tif,/imaging.data/rschwob/24-07_histo_segmentations/data/TCGA-A1-A0SP-DX1_xmin6798_ymin53719_MPP-0.2500_crop-2000-3250-0-1250_perc-1_LABELS.tif,/imaging.data/rschwob/24-07_histo_segmentations/data/TCGA-A1-A0SP-DX1_xmin6798_ymin53719_MPP-0.2500_crop-2000-3250-0-1250_perc-1_VGG16_l-0_s-1-2.tif
TCGA-A1-A0SP-DX1_xmin6798_ymin53719_MPP-0.2500_crop-2000-3250-0-1250,TCGA-A1-A0SP-DX1_xmin6798_ymin53719_MPP-0.2500_crop-2000-3250-0-1250_perc-1,TCGA-A1-A0SP-DX1_xmin6798_ymin53719_MPP-0.2500_crop-2000-3250-0-1250_perc-1_ILA,ILA,1,0.956032,0.83065472,0.4848584113246916,0.603100882847397,0.3840303083518881,0.5207851928448172,/imaging.data/rschwob/24-07_histo_segmentations/data/TCGA-A1-A0SP-DX1_xmin6798_ymin53719_MPP-0.2500_crop-2000-3250-0-1250.tif,/imaging.data/rschwob/24-07_histo_segmentations/data/TCGA-A1-A0SP-DX1_xmin6798_ymin53719_MPP-0.2500_crop-2000-3250-0-1250_GT.tif,/imaging.data/rschwob/24-07_histo_segmentations/data/TCGA-A1-A0SP-DX1_xmin6798_ymin53719_MPP-0.2500_crop-2000-3250-0-1250_perc-1_LABELS.tif,/imaging.data/rschwob/24-07_histo_segmentations/data/TCGA-A1-A0SP-DX1_xmin6798_ymin53719_MPP-0.2500_crop-2000-3250-0-1250_perc-1_ILA.tif
TCGA-A2-A0SX-DX1_xmin53791_ymin56683_MPP-0.2500_crop-2250-3500--1250--1,TCGA-A2-A0SX-DX1_xmin53791_ymin56683_MPP-0.2500_crop-2250-3500--1250--1_perc-1,TCGA-A2-A0SX-DX1_xmin53791_ymin56683_MPP-0.2500_crop-2250-3500--1250--1_perc-1_UNI,UNI,1,0.9424499599679744,0.7046821457165733,0.7627275421379899,0.6790631196876179,0.5631738603954952,0.708382879562685,/imaging.data/rschwob/24-07_histo_segmentations/data/TCGA-A2-A0SX-DX1_xmin53791_ymin56683_MPP-0.2500_crop-2250-3500--1250--1.tif,/imaging.data/rschwob/24-07_histo_segmentations/data/TCGA-A2-A0SX-DX1_xmin53791_ymin56683_MPP-0.2500_crop-2250-3500--1250--1_GT.tif,/imaging.data/rschwob/24-07_histo_segmentations/data/TCGA-A2-A0SX-DX1_xmin53791_ymin56683_MPP-0.2500_crop-2250-3500--1250--1_perc-1_LABELS.tif,/imaging.data/rschwob/24-07_histo_segmentations/data/TCGA-A2-A0SX-DX1_xmin53791_ymin56683_MPP-0.2500_crop-2250-3500--1250--1_perc-1_UNI.tif
TCGA-A2-A0SX-DX1_xmin53791_ymin56683_MPP-0.2500_crop-2250-3500--1250--1,TCGA-A2-A0SX-DX1_xmin53791_ymin56683_MPP-0.2500_crop-2250-3500--1250--1_perc-1,TCGA-A2-A0SX-DX1_xmin53791_ymin56683_MPP-0.2500_crop-2250-3500--1250--1_perc-1_DINOv2,DINOv2,1,0.9424499599679744,0.8336666132906325,0.7874050935904224,0.8564325675792837,0.6990097163353164,0.814524985251782,/imaging.data/rschwob/24-07_histo_segmentations/data/TCGA-A2-A0SX-DX1_xmin53791_ymin56683_MPP-0.2500_crop-2250-3500--1250--1.tif,/imaging.data/rschwob/24-07_histo_segmentations/data/TCGA-A2-A0SX-DX1_xmin53791_ymin56683_MPP-0.2500_crop-2250-3500--1250--1_GT.tif,/imaging.data/rschwob/24-07_histo_segmentations/data/TCGA-A2-A0SX-DX1_xmin53791_ymin56683_MPP-0.2500_crop-2250-3500--1250--1_perc-1_LABELS.tif,/imaging.data/rschwob/24-07_histo_segmentations/data/TCGA-A2-A0SX-DX1_xmin53791_ymin56683_MPP-0.2500_crop-2250-3500--1250--1_perc-1_DINOv2.tif
TCGA-A2-A0SX-DX1_xmin53791_ymin56683_MPP-0.2500_crop-2250-3500--1250--1,TCGA-A2-A0SX-DX1_xmin53791_ymin56683_MPP-0.2500_crop-2250-3500--1250--1_perc-1,TCGA-A2-A0SX-DX1_xmin53791_ymin56683_MPP-0.2500_crop-2250-3500--1250--1_perc-1_VGG16_l-0_s-1-2,VGG16_l-0_s-1-2,1,0.9424499599679744,0.615191032826261,0.5435302166450336,0.5685098784088454,0.4155575335812663,0.5477929062980442,/imaging.data/rschwob/24-07_histo_segmentations/data/TCGA-A2-A0SX-DX1_xmin53791_ymin56683_MPP-0.2500_crop-2250-3500--1250--1.tif,/imaging.data/rschwob/24-07_histo_segmentations/data/TCGA-A2-A0SX-DX1_xmin53791_ymin56683_MPP-0.2500_crop-2250-3500--1250--1_GT.tif,/imaging.data/rschwob/24-07_histo_segmentations/data/TCGA-A2-A0SX-DX1_xmin53791_ymin56683_MPP-0.2500_crop-2250-3500--1250--1_perc-1_LABELS.tif,/imaging.data/rschwob/24-07_histo_segmentations/data/TCGA-A2-A0SX-DX1_xmin53791_ymin56683_MPP-0.2500_crop-2250-3500--1250--1_perc-1_VGG16_l-0_s-1-2.tif
TCGA-A2-A0SX-DX1_xmin53791_ymin56683_MPP-0.2500_crop-2250-3500--1250--1,TCGA-A2-A0SX-DX1_xmin53791_ymin56683_MPP-0.2500_crop-2250-3500--1250--1_perc-1,TCGA-A2-A0SX-DX1_xmin53791_ymin56683_MPP-0.2500_crop-2250-3500--1250--1_perc-1_ILA,ILA,1,0.9424499599679744,0.7239993594875901,0.6615237659330508,0.7048266026035986,0.5387930795289543,0.6769244912676464,/imaging.data/rschwob/24-07_histo_segmentations/data/TCGA-A2-A0SX-DX1_xmin53791_ymin56683_MPP-0.2500_crop-2250-3500--1250--1.tif,/imaging.data/rschwob/24-07_histo_segmentations/data/TCGA-A2-A0SX-DX1_xmin53791_ymin56683_MPP-0.2500_crop-2250-3500--1250--1_GT.tif,/imaging.data/rschwob/24-07_histo_segmentations/data/TCGA-A2-A0SX-DX1_xmin53791_ymin56683_MPP-0.2500_crop-2250-3500--1250--1_perc-1_LABELS.tif,/imaging.data/rschwob/24-07_histo_segmentations/data/TCGA-A2-A0SX-DX1_xmin53791_ymin56683_MPP-0.2500_crop-2250-3500--1250--1_perc-1_ILA.tif
TCGA-A7-A5ZV-DX1_xmin103009_ymin26581_MPP-0.2500_crop-850-2100-600-1850,TCGA-A7-A5ZV-DX1_xmin103009_ymin26581_MPP-0.2500_crop-850-2100-600-1850_perc-1,TCGA-A7-A5ZV-DX1_xmin103009_ymin26581_MPP-0.2500_crop-850-2100-600-1850_perc-1_UNI,UNI,1,0.944384,0.5551648,0.5326861881172423,0.4603959763277054,0.3307241660153039,0.4828821095512441,/imaging.data/rschwob/24-07_histo_segmentations/data/TCGA-A7-A5ZV-DX1_xmin103009_ymin26581_MPP-0.2500_crop-850-2100-600-1850.tif,/imaging.data/rschwob/24-07_histo_segmentations/data/TCGA-A7-A5ZV-DX1_xmin103009_ymin26581_MPP-0.2500_crop-850-2100-600-1850_GT.tif,/imaging.data/rschwob/24-07_histo_segmentations/data/TCGA-A7-A5ZV-DX1_xmin103009_ymin26581_MPP-0.2500_crop-850-2100-600-1850_perc-1_LABELS.tif,/imaging.data/rschwob/24-07_histo_segmentations/data/TCGA-A7-A5ZV-DX1_xmin103009_ymin26581_MPP-0.2500_crop-850-2100-600-1850_perc-1_UNI.tif
TCGA-A7-A5ZV-DX1_xmin103009_ymin26581_MPP-0.2500_crop-850-2100-600-1850,TCGA-A7-A5ZV-DX1_xmin103009_ymin26581_MPP-0.2500_crop-850-2100-600-1850_perc-1,TCGA-A7-A5ZV-DX1_xmin103009_ymin26581_MPP-0.2500_crop-850-2100-600-1850_perc-1_DINOv2,DINOv2,1,0.944384,0.68627264,0.6915702168716628,0.6974769873802821,0.5378286545261098,0.6876684152709739,/imaging.data/rschwob/24-07_histo_segmentations/data/TCGA-A7-A5ZV-DX1_xmin103009_ymin26581_MPP-0.2500_crop-850-2100-600-1850.tif,/imaging.data/rschwob/24-07_histo_segmentations/data/TCGA-A7-A5ZV-DX1_xmin103009_ymin26581_MPP-0.2500_crop-850-2100-600-1850_GT.tif,/imaging.data/rschwob/24-07_histo_segmentations/data/TCGA-A7-A5ZV-DX1_xmin103009_ymin26581_MPP-0.2500_crop-850-2100-600-1850_perc-1_LABELS.tif,/imaging.data/rschwob/24-07_histo_segmentations/data/TCGA-A7-A5ZV-DX1_xmin103009_ymin26581_MPP-0.2500_crop-850-2100-600-1850_perc-1_DINOv2.tif
TCGA-A7-A5ZV-DX1_xmin103009_ymin26581_MPP-0.2500_crop-850-2100-600-1850,TCGA-A7-A5ZV-DX1_xmin103009_ymin26581_MPP-0.2500_crop-850-2100-600-1850_perc-1,TCGA-A7-A5ZV-DX1_xmin103009_ymin26581_MPP-0.2500_crop-850-2100-600-1850_perc-1_VGG16_l-0_s-1-2,VGG16_l-0_s-1-2,1,0.944384,0.47293952,0.3419652493121927,0.3524341566382907,0.2243178916880845,0.3420653019475134,/imaging.data/rschwob/24-07_histo_segmentations/data/TCGA-A7-A5ZV-DX1_xmin103009_ymin26581_MPP-0.2500_crop-850-2100-600-1850.tif,/imaging.data/rschwob/24-07_histo_segmentations/data/TCGA-A7-A5ZV-DX1_xmin103009_ymin26581_MPP-0.2500_crop-850-2100-600-1850_GT.tif,/imaging.data/rschwob/24-07_histo_segmentations/data/TCGA-A7-A5ZV-DX1_xmin103009_ymin26581_MPP-0.2500_crop-850-2100-600-1850_perc-1_LABELS.tif,/imaging.data/rschwob/24-07_histo_segmentations/data/TCGA-A7-A5ZV-DX1_xmin103009_ymin26581_MPP-0.2500_crop-850-2100-600-1850_perc-1_VGG16_l-0_s-1-2.tif
TCGA-A7-A5ZV-DX1_xmin103009_ymin26581_MPP-0.2500_crop-850-2100-600-1850,TCGA-A7-A5ZV-DX1_xmin103009_ymin26581_MPP-0.2500_crop-850-2100-600-1850_perc-1,TCGA-A7-A5ZV-DX1_xmin103009_ymin26581_MPP-0.2500_crop-850-2100-600-1850_perc-1_ILA,ILA,1,0.944384,0.56680896,0.4550476871394986,0.4587859210667067,0.3074577930009174,0.4492625299128577,/imaging.data/rschwob/24-07_histo_segmentations/data/TCGA-A7-A5ZV-DX1_xmin103009_ymin26581_MPP-0.2500_crop-850-2100-600-1850.tif,/imaging.data/rschwob/24-07_histo_segmentations/data/TCGA-A7-A5ZV-DX1_xmin103009_ymin26581_MPP-0.2500_crop-850-2100-600-1850_GT.tif,/imaging.data/rschwob/24-07_histo_segmentations/data/TCGA-A7-A5ZV-DX1_xmin103009_ymin26581_MPP-0.2500_crop-850-2100-600-1850_perc-1_LABELS.tif,/imaging.data/rschwob/24-07_histo_segmentations/data/TCGA-A7-A5ZV-DX1_xmin103009_ymin26581_MPP-0.2500_crop-850-2100-600-1850_perc-1_ILA.tif
TCGA-A7-A6VW-DX1_xmin69350_ymin15716_MPP-0.2500_crop-0-1250-0-1250,TCGA-A7-A6VW-DX1_xmin69350_ymin15716_MPP-0.2500_crop-0-1250-0-1250_perc-1,TCGA-A7-A6VW-DX1_xmin69350_ymin15716_MPP-0.2500_crop-0-1250-0-1250_perc-1_UNI,UNI,1,0.9776,0.893904,0.8720982345670252,0.8737932033207914,0.7779196085975218,0.8727847118791415,/imaging.data/rschwob/24-07_histo_segmentations/data/TCGA-A7-A6VW-DX1_xmin69350_ymin15716_MPP-0.2500_crop-0-1250-0-1250.tif,/imaging.data/rschwob/24-07_histo_segmentations/data/TCGA-A7-A6VW-DX1_xmin69350_ymin15716_MPP-0.2500_crop-0-1250-0-1250_GT.tif,/imaging.data/rschwob/24-07_histo_segmentations/data/TCGA-A7-A6VW-DX1_xmin69350_ymin15716_MPP-0.2500_crop-0-1250-0-1250_perc-1_LABELS.tif,/imaging.data/rschwob/24-07_histo_segmentations/data/TCGA-A7-A6VW-DX1_xmin69350_ymin15716_MPP-0.2500_crop-0-1250-0-1250_perc-1_UNI.tif
TCGA-A7-A6VW-DX1_xmin69350_ymin15716_MPP-0.2500_crop-0-1250-0-1250,TCGA-A7-A6VW-DX1_xmin69350_ymin15716_MPP-0.2500_crop-0-1250-0-1250_perc-1,TCGA-A7-A6VW-DX1_xmin69350_ymin15716_MPP-0.2500_crop-0-1250-0-1250_perc-1_DINOv2,DINOv2,1,0.9776,0.94431744,0.9161378288983428,0.9239429467051904,0.8529441299985115,0.9198220326381848,/imaging.data/rschwob/24-07_histo_segmentations/data/TCGA-A7-A6VW-DX1_xmin69350_ymin15716_MPP-0.2500_crop-0-1250-0-1250.tif,/imaging.data/rschwob/24-07_histo_segmentations/data/TCGA-A7-A6VW-DX1_xmin69350_ymin15716_MPP-0.2500_crop-0-1250-0-1250_GT.tif,/imaging.data/rschwob/24-07_histo_segmentations/data/TCGA-A7-A6VW-DX1_xmin69350_ymin15716_MPP-0.2500_crop-0-1250-0-1250_perc-1_LABELS.tif,/imaging.data/rschwob/24-07_histo_segmentations/data/TCGA-A7-A6VW-DX1_xmin69350_ymin15716_MPP-0.2500_crop-0-1250-0-1250_perc-1_DINOv2.tif
TCGA-A7-A6VW-DX1_xmin69350_ymin15716_MPP-0.2500_crop-0-1250-0-1250,TCGA-A7-A6VW-DX1_xmin69350_ymin15716_MPP-0.2500_crop-0-1250-0-1250_perc-1,TCGA-A7-A6VW-DX1_xmin69350_ymin15716_MPP-0.2500_crop-0-1250-0-1250_perc-1_VGG16_l-0_s-1-2,VGG16_l-0_s-1-2,1,0.9776,0.85703552,0.8403531224447854,0.8615733348738156,0.7485912471425618,0.8502816248786701,/imaging.data/rschwob/24-07_histo_segmentations/data/TCGA-A7-A6VW-DX1_xmin69350_ymin15716_MPP-0.2500_crop-0-1250-0-1250.tif,/imaging.data/rschwob/24-07_histo_segmentations/data/TCGA-A7-A6VW-DX1_xmin69350_ymin15716_MPP-0.2500_crop-0-1250-0-1250_GT.tif,/imaging.data/rschwob/24-07_histo_segmentations/data/TCGA-A7-A6VW-DX1_xmin69350_ymin15716_MPP-0.2500_crop-0-1250-0-1250_perc-1_LABELS.tif,/imaging.data/rschwob/24-07_histo_segmentations/data/TCGA-A7-A6VW-DX1_xmin69350_ymin15716_MPP-0.2500_crop-0-1250-0-1250_perc-1_VGG16_l-0_s-1-2.tif
TCGA-A7-A6VW-DX1_xmin69350_ymin15716_MPP-0.2500_crop-0-1250-0-1250,TCGA-A7-A6VW-DX1_xmin69350_ymin15716_MPP-0.2500_crop-0-1250-0-1250_perc-1,TCGA-A7-A6VW-DX1_xmin69350_ymin15716_MPP-0.2500_crop-0-1250-0-1250_perc-1_ILA,ILA,1,0.9776,0.93283584,0.9282416376302924,0.9041901258023204,0.8463944877746075,0.9156969559724112,/imaging.data/rschwob/24-07_histo_segmentations/data/TCGA-A7-A6VW-DX1_xmin69350_ymin15716_MPP-0.2500_crop-0-1250-0-1250.tif,/imaging.data/rschwob/24-07_histo_segmentations/data/TCGA-A7-A6VW-DX1_xmin69350_ymin15716_MPP-0.2500_crop-0-1250-0-1250_GT.tif,/imaging.data/rschwob/24-07_histo_segmentations/data/TCGA-A7-A6VW-DX1_xmin69350_ymin15716_MPP-0.2500_crop-0-1250-0-1250_perc-1_LABELS.tif,/imaging.data/rschwob/24-07_histo_segmentations/data/TCGA-A7-A6VW-DX1_xmin69350_ymin15716_MPP-0.2500_crop-0-1250-0-1250_perc-1_ILA.tif
TCGA-AR-A2LR-DX1_xmin46540_ymin31961_MPP-0.2500_crop-250-1500-1000-2250,TCGA-AR-A2LR-DX1_xmin46540_ymin31961_MPP-0.2500_crop-250-1500-1000-2250_perc-1,TCGA-AR-A2LR-DX1_xmin46540_ymin31961_MPP-0.2500_crop-250-1500-1000-2250_perc-1_UNI,UNI,1,0.983616,0.79802944,0.6868650050792601,0.6543159351722606,0.5358968357136343,0.6674876733987286,/imaging.data/rschwob/24-07_histo_segmentations/data/TCGA-AR-A2LR-DX1_xmin46540_ymin31961_MPP-0.2500_crop-250-1500-1000-2250.tif,/imaging.data/rschwob/24-07_histo_segmentations/data/TCGA-AR-A2LR-DX1_xmin46540_ymin31961_MPP-0.2500_crop-250-1500-1000-2250_GT.tif,/imaging.data/rschwob/24-07_histo_segmentations/data/TCGA-AR-A2LR-DX1_xmin46540_ymin31961_MPP-0.2500_crop-250-1500-1000-2250_perc-1_LABELS.tif,/imaging.data/rschwob/24-07_histo_segmentations/data/TCGA-AR-A2LR-DX1_xmin46540_ymin31961_MPP-0.2500_crop-250-1500-1000-2250_perc-1_UNI.tif
TCGA-AR-A2LR-DX1_xmin46540_ymin31961_MPP-0.2500_crop-250-1500-1000-2250,TCGA-AR-A2LR-DX1_xmin46540_ymin31961_MPP-0.2500_crop-250-1500-1000-2250_perc-1,TCGA-AR-A2LR-DX1_xmin46540_ymin31961_MPP-0.2500_crop-250-1500-1000-2250_perc-1_DINOv2,DINOv2,1,0.983616,0.80708416,0.7564814134488245,0.7924412597636784,0.632697626902892,0.7720265260616049,/imaging.data/rschwob/24-07_histo_segmentations/data/TCGA-AR-A2LR-DX1_xmin46540_ymin31961_MPP-0.2500_crop-250-1500-1000-2250.tif,/imaging.data/rschwob/24-07_histo_segmentations/data/TCGA-AR-A2LR-DX1_xmin46540_ymin31961_MPP-0.2500_crop-250-1500-1000-2250_GT.tif,/imaging.data/rschwob/24-07_histo_segmentations/data/TCGA-AR-A2LR-DX1_xmin46540_ymin31961_MPP-0.2500_crop-250-1500-1000-2250_perc-1_LABELS.tif,/imaging.data/rschwob/24-07_histo_segmentations/data/TCGA-AR-A2LR-DX1_xmin46540_ymin31961_MPP-0.2500_crop-250-1500-1000-2250_perc-1_DINOv2.tif
TCGA-AR-A2LR-DX1_xmin46540_ymin31961_MPP-0.2500_crop-250-1500-1000-2250,TCGA-AR-A2LR-DX1_xmin46540_ymin31961_MPP-0.2500_crop-250-1500-1000-2250_perc-1,TCGA-AR-A2LR-DX1_xmin46540_ymin31961_MPP-0.2500_crop-250-1500-1000-2250_perc-1_VGG16_l-0_s-1-2,VGG16_l-0_s-1-2,1,0.983616,0.73812096,0.5668476762487776,0.5668178693126208,0.4489287844746256,0.5665460462488614,/imaging.data/rschwob/24-07_histo_segmentations/data/TCGA-AR-A2LR-DX1_xmin46540_ymin31961_MPP-0.2500_crop-250-1500-1000-2250.tif,/imaging.data/rschwob/24-07_histo_segmentations/data/TCGA-AR-A2LR-DX1_xmin46540_ymin31961_MPP-0.2500_crop-250-1500-1000-2250_GT.tif,/imaging.data/rschwob/24-07_histo_segmentations/data/TCGA-AR-A2LR-DX1_xmin46540_ymin31961_MPP-0.2500_crop-250-1500-1000-2250_perc-1_LABELS.tif,/imaging.data/rschwob/24-07_histo_segmentations/data/TCGA-AR-A2LR-DX1_xmin46540_ymin31961_MPP-0.2500_crop-250-1500-1000-2250_perc-1_VGG16_l-0_s-1-2.tif
TCGA-AR-A2LR-DX1_xmin46540_ymin31961_MPP-0.2500_crop-250-1500-1000-2250,TCGA-AR-A2LR-DX1_xmin46540_ymin31961_MPP-0.2500_crop-250-1500-1000-2250_perc-1,TCGA-AR-A2LR-DX1_xmin46540_ymin31961_MPP-0.2500_crop-250-1500-1000-2250_perc-1_ILA,ILA,1,0.983616,0.80487616,0.634664582257325,0.6412399205607141,0.5279916212008257,0.6375307456847571,/imaging.data/rschwob/24-07_histo_segmentations/data/TCGA-AR-A2LR-DX1_xmin46540_ymin31961_MPP-0.2500_crop-250-1500-1000-2250.tif,/imaging.data/rschwob/24-07_histo_segmentations/data/TCGA-AR-A2LR-DX1_xmin46540_ymin31961_MPP-0.2500_crop-250-1500-1000-2250_GT.tif,/imaging.data/rschwob/24-07_histo_segmentations/data/TCGA-AR-A2LR-DX1_xmin46540_ymin31961_MPP-0.2500_crop-250-1500-1000-2250_perc-1_LABELS.tif,/imaging.data/rschwob/24-07_histo_segmentations/data/TCGA-AR-A2LR-DX1_xmin46540_ymin31961_MPP-0.2500_crop-250-1500-1000-2250_perc-1_ILA.tif
TCGA-D8-A1JG-DX1_xmin15677_ymin69205_MPP-0.2500_crop-500-1750-1300-2550,TCGA-D8-A1JG-DX1_xmin15677_ymin69205_MPP-0.2500_crop-500-1750-1300-2550_perc-1,TCGA-D8-A1JG-DX1_xmin15677_ymin69205_MPP-0.2500_crop-500-1750-1300-2550_perc-1_UNI,UNI,1,0.951744,0.6450656,0.5352614233123091,0.4934103301420531,0.327082694993793,0.4781978761105683,/imaging.data/rschwob/24-07_histo_segmentations/data/TCGA-D8-A1JG-DX1_xmin15677_ymin69205_MPP-0.2500_crop-500-1750-1300-2550.tif,/imaging.data/rschwob/24-07_histo_segmentations/data/TCGA-D8-A1JG-DX1_xmin15677_ymin69205_MPP-0.2500_crop-500-1750-1300-2550_GT.tif,/imaging.data/rschwob/24-07_histo_segmentations/data/TCGA-D8-A1JG-DX1_xmin15677_ymin69205_MPP-0.2500_crop-500-1750-1300-2550_perc-1_LABELS.tif,/imaging.data/rschwob/24-07_histo_segmentations/data/TCGA-D8-A1JG-DX1_xmin15677_ymin69205_MPP-0.2500_crop-500-1750-1300-2550_perc-1_UNI.tif
TCGA-D8-A1JG-DX1_xmin15677_ymin69205_MPP-0.2500_crop-500-1750-1300-2550,TCGA-D8-A1JG-DX1_xmin15677_ymin69205_MPP-0.2500_crop-500-1750-1300-2550_perc-1,TCGA-D8-A1JG-DX1_xmin15677_ymin69205_MPP-0.2500_crop-500-1750-1300-2550_perc-1_DINOv2,DINOv2,1,0.951744,0.82323072,0.8349524585641985,0.8281988902403697,0.716931491435781,0.8311101728172025,/imaging.data/rschwob/24-07_histo_segmentations/data/TCGA-D8-A1JG-DX1_xmin15677_ymin69205_MPP-0.2500_crop-500-1750-1300-2550.tif,/imaging.data/rschwob/24-07_histo_segmentations/data/TCGA-D8-A1JG-DX1_xmin15677_ymin69205_MPP-0.2500_crop-500-1750-1300-2550_GT.tif,/imaging.data/rschwob/24-07_histo_segmentations/data/TCGA-D8-A1JG-DX1_xmin15677_ymin69205_MPP-0.2500_crop-500-1750-1300-2550_perc-1_LABELS.tif,/imaging.data/rschwob/24-07_histo_segmentations/data/TCGA-D8-A1JG-DX1_xmin15677_ymin69205_MPP-0.2500_crop-500-1750-1300-2550_perc-1_DINOv2.tif
TCGA-D8-A1JG-DX1_xmin15677_ymin69205_MPP-0.2500_crop-500-1750-1300-2550,TCGA-D8-A1JG-DX1_xmin15677_ymin69205_MPP-0.2500_crop-500-1750-1300-2550_perc-1,TCGA-D8-A1JG-DX1_xmin15677_ymin69205_MPP-0.2500_crop-500-1750-1300-2550_perc-1_VGG16_l-0_s-1-2,VGG16_l-0_s-1-2,1,0.951744,0.56444224,0.3809199696132601,0.4042957571084833,0.2448281880375939,0.3751702867063013,/imaging.data/rschwob/24-07_histo_segmentations/data/TCGA-D8-A1JG-DX1_xmin15677_ymin69205_MPP-0.2500_crop-500-1750-1300-2550.tif,/imaging.data/rschwob/24-07_histo_segmentations/data/TCGA-D8-A1JG-DX1_xmin15677_ymin69205_MPP-0.2500_crop-500-1750-1300-2550_GT.tif,/imaging.data/rschwob/24-07_histo_segmentations/data/TCGA-D8-A1JG-DX1_xmin15677_ymin69205_MPP-0.2500_crop-500-1750-1300-2550_perc-1_LABELS.tif,/imaging.data/rschwob/24-07_histo_segmentations/data/TCGA-D8-A1JG-DX1_xmin15677_ymin69205_MPP-0.2500_crop-500-1750-1300-2550_perc-1_VGG16_l-0_s-1-2.tif
TCGA-D8-A1JG-DX1_xmin15677_ymin69205_MPP-0.2500_crop-500-1750-1300-2550,TCGA-D8-A1JG-DX1_xmin15677_ymin69205_MPP-0.2500_crop-500-1750-1300-2550_perc-1,TCGA-D8-A1JG-DX1_xmin15677_ymin69205_MPP-0.2500_crop-500-1750-1300-2550_perc-1_ILA,ILA,1,0.951744,0.71610816,0.6090092102056975,0.6481264330647988,0.4672737893955399,0.6168324012522773,/imaging.data/rschwob/24-07_histo_segmentations/data/TCGA-D8-A1JG-DX1_xmin15677_ymin69205_MPP-0.2500_crop-500-1750-1300-2550.tif,/imaging.data/rschwob/24-07_histo_segmentations/data/TCGA-D8-A1JG-DX1_xmin15677_ymin69205_MPP-0.2500_crop-500-1750-1300-2550_GT.tif,/imaging.data/rschwob/24-07_histo_segmentations/data/TCGA-D8-A1JG-DX1_xmin15677_ymin69205_MPP-0.2500_crop-500-1750-1300-2550_perc-1_LABELS.tif,/imaging.data/rschwob/24-07_histo_segmentations/data/TCGA-D8-A1JG-DX1_xmin15677_ymin69205_MPP-0.2500_crop-500-1750-1300-2550_perc-1_ILA.tif
TCGA-EW-A1P1-DX1_xmin50567_ymin38988_MPP-0.2500_crop-2250-3500-2100-3350,TCGA-EW-A1P1-DX1_xmin50567_ymin38988_MPP-0.2500_crop-2250-3500-2100-3350_perc-1,TCGA-EW-A1P1-DX1_xmin50567_ymin38988_MPP-0.2500_crop-2250-3500-2100-3350_perc-1_UNI,UNI,1,0.8709120000000001,0.79646784,0.593901886528431,0.7905960619573715,0.4837056932799124,0.6301594392386346,/imaging.data/rschwob/24-07_histo_segmentations/data/TCGA-EW-A1P1-DX1_xmin50567_ymin38988_MPP-0.2500_crop-2250-3500-2100-3350.tif,/imaging.data/rschwob/24-07_histo_segmentations/data/TCGA-EW-A1P1-DX1_xmin50567_ymin38988_MPP-0.2500_crop-2250-3500-2100-3350_GT.tif,/imaging.data/rschwob/24-07_histo_segmentations/data/TCGA-EW-A1P1-DX1_xmin50567_ymin38988_MPP-0.2500_crop-2250-3500-2100-3350_perc-1_LABELS.tif,/imaging.data/rschwob/24-07_histo_segmentations/data/TCGA-EW-A1P1-DX1_xmin50567_ymin38988_MPP-0.2500_crop-2250-3500-2100-3350_perc-1_UNI.tif
TCGA-EW-A1P1-DX1_xmin50567_ymin38988_MPP-0.2500_crop-2250-3500-2100-3350,TCGA-EW-A1P1-DX1_xmin50567_ymin38988_MPP-0.2500_crop-2250-3500-2100-3350_perc-1,TCGA-EW-A1P1-DX1_xmin50567_ymin38988_MPP-0.2500_crop-2250-3500-2100-3350_perc-1_DINOv2,DINOv2,1,0.8709120000000001,0.86833536,0.6118276782027692,0.8989162237245166,0.5505559599684772,0.6639143932059933,/imaging.data/rschwob/24-07_histo_segmentations/data/TCGA-EW-A1P1-DX1_xmin50567_ymin38988_MPP-0.2500_crop-2250-3500-2100-3350.tif,/imaging.data/rschwob/24-07_histo_segmentations/data/TCGA-EW-A1P1-DX1_xmin50567_ymin38988_MPP-0.2500_crop-2250-3500-2100-3350_GT.tif,/imaging.data/rschwob/24-07_histo_segmentations/data/TCGA-EW-A1P1-DX1_xmin50567_ymin38988_MPP-0.2500_crop-2250-3500-2100-3350_perc-1_LABELS.tif,/imaging.data/rschwob/24-07_histo_segmentations/data/TCGA-EW-A1P1-DX1_xmin50567_ymin38988_MPP-0.2500_crop-2250-3500-2100-3350_perc-1_DINOv2.tif
TCGA-EW-A1P1-DX1_xmin50567_ymin38988_MPP-0.2500_crop-2250-3500-2100-3350,TCGA-EW-A1P1-DX1_xmin50567_ymin38988_MPP-0.2500_crop-2250-3500-2100-3350_perc-1,TCGA-EW-A1P1-DX1_xmin50567_ymin38988_MPP-0.2500_crop-2250-3500-2100-3350_perc-1_VGG16_l-0_s-1-2,VGG16_l-0_s-1-2,1,0.8709120000000001,0.72607616,0.457900259381363,0.6769062517357333,0.3579206483545104,0.4925680749873616,/imaging.data/rschwob/24-07_histo_segmentations/data/TCGA-EW-A1P1-DX1_xmin50567_ymin38988_MPP-0.2500_crop-2250-3500-2100-3350.tif,/imaging.data/rschwob/24-07_histo_segmentations/data/TCGA-EW-A1P1-DX1_xmin50567_ymin38988_MPP-0.2500_crop-2250-3500-2100-3350_GT.tif,/imaging.data/rschwob/24-07_histo_segmentations/data/TCGA-EW-A1P1-DX1_xmin50567_ymin38988_MPP-0.2500_crop-2250-3500-2100-3350_perc-1_LABELS.tif,/imaging.data/rschwob/24-07_histo_segmentations/data/TCGA-EW-A1P1-DX1_xmin50567_ymin38988_MPP-0.2500_crop-2250-3500-2100-3350_perc-1_VGG16_l-0_s-1-2.tif
TCGA-EW-A1P1-DX1_xmin50567_ymin38988_MPP-0.2500_crop-2250-3500-2100-3350,TCGA-EW-A1P1-DX1_xmin50567_ymin38988_MPP-0.2500_crop-2250-3500-2100-3350_perc-1,TCGA-EW-A1P1-DX1_xmin50567_ymin38988_MPP-0.2500_crop-2250-3500-2100-3350_perc-1_ILA,ILA,1,0.8709120000000001,0.79098048,0.5869241607713075,0.780461180928823,0.4918509896229366,0.6290560134304376,/imaging.data/rschwob/24-07_histo_segmentations/data/TCGA-EW-A1P1-DX1_xmin50567_ymin38988_MPP-0.2500_crop-2250-3500-2100-3350.tif,/imaging.data/rschwob/24-07_histo_segmentations/data/TCGA-EW-A1P1-DX1_xmin50567_ymin38988_MPP-0.2500_crop-2250-3500-2100-3350_GT.tif,/imaging.data/rschwob/24-07_histo_segmentations/data/TCGA-EW-A1P1-DX1_xmin50567_ymin38988_MPP-0.2500_crop-2250-3500-2100-3350_perc-1_LABELS.tif,/imaging.data/rschwob/24-07_histo_segmentations/data/TCGA-EW-A1P1-DX1_xmin50567_ymin38988_MPP-0.2500_crop-2250-3500-2100-3350_perc-1_ILA.tif
TCGA-LL-A5YO-DX1_xmin36631_ymin44396_MPP-0.2500_crop-750-2000-500-1750,TCGA-LL-A5YO-DX1_xmin36631_ymin44396_MPP-0.2500_crop-750-2000-500-1750_perc-1,TCGA-LL-A5YO-DX1_xmin36631_ymin44396_MPP-0.2500_crop-750-2000-500-1750_perc-1_UNI,UNI,1,0.976768,0.5702464,0.5249565025081008,0.5775630246976955,0.373463642349626,0.5419698084593063,/imaging.data/rschwob/24-07_histo_segmentations/data/TCGA-LL-A5YO-DX1_xmin36631_ymin44396_MPP-0.2500_crop-750-2000-500-1750.tif,/imaging.data/rschwob/24-07_histo_segmentations/data/TCGA-LL-A5YO-DX1_xmin36631_ymin44396_MPP-0.2500_crop-750-2000-500-1750_GT.tif,/imaging.data/rschwob/24-07_histo_segmentations/data/TCGA-LL-A5YO-DX1_xmin36631_ymin44396_MPP-0.2500_crop-750-2000-500-1750_perc-1_LABELS.tif,/imaging.data/rschwob/24-07_histo_segmentations/data/TCGA-LL-A5YO-DX1_xmin36631_ymin44396_MPP-0.2500_crop-750-2000-500-1750_perc-1_UNI.tif
TCGA-LL-A5YO-DX1_xmin36631_ymin44396_MPP-0.2500_crop-750-2000-500-1750,TCGA-LL-A5YO-DX1_xmin36631_ymin44396_MPP-0.2500_crop-750-2000-500-1750_perc-1,TCGA-LL-A5YO-DX1_xmin36631_ymin44396_MPP-0.2500_crop-750-2000-500-1750_perc-1_DINOv2,DINOv2,1,0.976768,0.63535104,0.5818538886002265,0.6516155132222559,0.4356063274154637,0.6035347830501265,/imaging.data/rschwob/24-07_histo_segmentations/data/TCGA-LL-A5YO-DX1_xmin36631_ymin44396_MPP-0.2500_crop-750-2000-500-1750.tif,/imaging.data/rschwob/24-07_histo_segmentations/data/TCGA-LL-A5YO-DX1_xmin36631_ymin44396_MPP-0.2500_crop-750-2000-500-1750_GT.tif,/imaging.data/rschwob/24-07_histo_segmentations/data/TCGA-LL-A5YO-DX1_xmin36631_ymin44396_MPP-0.2500_crop-750-2000-500-1750_perc-1_LABELS.tif,/imaging.data/rschwob/24-07_histo_segmentations/data/TCGA-LL-A5YO-DX1_xmin36631_ymin44396_MPP-0.2500_crop-750-2000-500-1750_perc-1_DINOv2.tif
TCGA-LL-A5YO-DX1_xmin36631_ymin44396_MPP-0.2500_crop-750-2000-500-1750,TCGA-LL-A5YO-DX1_xmin36631_ymin44396_MPP-0.2500_crop-750-2000-500-1750_perc-1,TCGA-LL-A5YO-DX1_xmin36631_ymin44396_MPP-0.2500_crop-750-2000-500-1750_perc-1_VGG16_l-0_s-1-2,VGG16_l-0_s-1-2,1,0.976768,0.4937088,0.4333304636501637,0.5101818106445017,0.300695195334422,0.4586880589951926,/imaging.data/rschwob/24-07_histo_segmentations/data/TCGA-LL-A5YO-DX1_xmin36631_ymin44396_MPP-0.2500_crop-750-2000-500-1750.tif,/imaging.data/rschwob/24-07_histo_segmentations/data/TCGA-LL-A5YO-DX1_xmin36631_ymin44396_MPP-0.2500_crop-750-2000-500-1750_GT.tif,/imaging.data/rschwob/24-07_histo_segmentations/data/TCGA-LL-A5YO-DX1_xmin36631_ymin44396_MPP-0.2500_crop-750-2000-500-1750_perc-1_LABELS.tif,/imaging.data/rschwob/24-07_histo_segmentations/data/TCGA-LL-A5YO-DX1_xmin36631_ymin44396_MPP-0.2500_crop-750-2000-500-1750_perc-1_VGG16_l-0_s-1-2.tif
TCGA-LL-A5YO-DX1_xmin36631_ymin44396_MPP-0.2500_crop-750-2000-500-1750,TCGA-LL-A5YO-DX1_xmin36631_ymin44396_MPP-0.2500_crop-750-2000-500-1750_perc-1,TCGA-LL-A5YO-DX1_xmin36631_ymin44396_MPP-0.2500_crop-750-2000-500-1750_perc-1_ILA,ILA,1,0.976768,0.57124608,0.5239732085401997,0.6044825415097679,0.3817179786274395,0.5509911300497417,/imaging.data/rschwob/24-07_histo_segmentations/data/TCGA-LL-A5YO-DX1_xmin36631_ymin44396_MPP-0.2500_crop-750-2000-500-1750.tif,/imaging.data/rschwob/24-07_histo_segmentations/data/TCGA-LL-A5YO-DX1_xmin36631_ymin44396_MPP-0.2500_crop-750-2000-500-1750_GT.tif,/imaging.data/rschwob/24-07_histo_segmentations/data/TCGA-LL-A5YO-DX1_xmin36631_ymin44396_MPP-0.2500_crop-750-2000-500-1750_perc-1_LABELS.tif,/imaging.data/rschwob/24-07_histo_segmentations/data/TCGA-LL-A5YO-DX1_xmin36631_ymin44396_MPP-0.2500_crop-750-2000-500-1750_perc-1_ILA.tif
TCGA-OL-A97C-DX1_xmin68058_ymin32495_MPP-0.2500_crop-1250-2500-800-2050,TCGA-OL-A97C-DX1_xmin68058_ymin32495_MPP-0.2500_crop-1250-2500-800-2050_perc-1,TCGA-OL-A97C-DX1_xmin68058_ymin32495_MPP-0.2500_crop-1250-2500-800-2050_perc-1_UNI,UNI,1,0.88576,0.97194432,0.6506278272986658,0.8565193662352273,0.5919698993746438,0.7084947999526847,/imaging.data/rschwob/24-07_histo_segmentations/data/TCGA-OL-A97C-DX1_xmin68058_ymin32495_MPP-0.2500_crop-1250-2500-800-2050.tif,/imaging.data/rschwob/24-07_histo_segmentations/data/TCGA-OL-A97C-DX1_xmin68058_ymin32495_MPP-0.2500_crop-1250-2500-800-2050_GT.tif,/imaging.data/rschwob/24-07_histo_segmentations/data/TCGA-OL-A97C-DX1_xmin68058_ymin32495_MPP-0.2500_crop-1250-2500-800-2050_perc-1_LABELS.tif,/imaging.data/rschwob/24-07_histo_segmentations/data/TCGA-OL-A97C-DX1_xmin68058_ymin32495_MPP-0.2500_crop-1250-2500-800-2050_perc-1_UNI.tif
TCGA-OL-A97C-DX1_xmin68058_ymin32495_MPP-0.2500_crop-1250-2500-800-2050,TCGA-OL-A97C-DX1_xmin68058_ymin32495_MPP-0.2500_crop-1250-2500-800-2050_perc-1,TCGA-OL-A97C-DX1_xmin68058_ymin32495_MPP-0.2500_crop-1250-2500-800-2050_perc-1_DINOv2,DINOv2,1,0.88576,0.98000192,0.679661395200289,0.9526057905791132,0.655935872875711,0.7733602135542323,/imaging.data/rschwob/24-07_histo_segmentations/data/TCGA-OL-A97C-DX1_xmin68058_ymin32495_MPP-0.2500_crop-1250-2500-800-2050.tif,/imaging.data/rschwob/24-07_histo_segmentations/data/TCGA-OL-A97C-DX1_xmin68058_ymin32495_MPP-0.2500_crop-1250-2500-800-2050_GT.tif,/imaging.data/rschwob/24-07_histo_segmentations/data/TCGA-OL-A97C-DX1_xmin68058_ymin32495_MPP-0.2500_crop-1250-2500-800-2050_perc-1_LABELS.tif,/imaging.data/rschwob/24-07_histo_segmentations/data/TCGA-OL-A97C-DX1_xmin68058_ymin32495_MPP-0.2500_crop-1250-2500-800-2050_perc-1_DINOv2.tif
TCGA-OL-A97C-DX1_xmin68058_ymin32495_MPP-0.2500_crop-1250-2500-800-2050,TCGA-OL-A97C-DX1_xmin68058_ymin32495_MPP-0.2500_crop-1250-2500-800-2050_perc-1,TCGA-OL-A97C-DX1_xmin68058_ymin32495_MPP-0.2500_crop-1250-2500-800-2050_perc-1_VGG16_l-0_s-1-2,VGG16_l-0_s-1-2,1,0.88576,0.92672768,0.4611170086376447,0.7307752525710567,0.4148354774910888,0.492862104568005,/imaging.data/rschwob/24-07_histo_segmentations/data/TCGA-OL-A97C-DX1_xmin68058_ymin32495_MPP-0.2500_crop-1250-2500-800-2050.tif,/imaging.data/rschwob/24-07_histo_segmentations/data/TCGA-OL-A97C-DX1_xmin68058_ymin32495_MPP-0.2500_crop-1250-2500-800-2050_GT.tif,/imaging.data/rschwob/24-07_histo_segmentations/data/TCGA-OL-A97C-DX1_xmin68058_ymin32495_MPP-0.2500_crop-1250-2500-800-2050_perc-1_LABELS.tif,/imaging.data/rschwob/24-07_histo_segmentations/data/TCGA-OL-A97C-DX1_xmin68058_ymin32495_MPP-0.2500_crop-1250-2500-800-2050_perc-1_VGG16_l-0_s-1-2.tif
TCGA-OL-A97C-DX1_xmin68058_ymin32495_MPP-0.2500_crop-1250-2500-800-2050,TCGA-OL-A97C-DX1_xmin68058_ymin32495_MPP-0.2500_crop-1250-2500-800-2050_perc-1,TCGA-OL-A97C-DX1_xmin68058_ymin32495_MPP-0.2500_crop-1250-2500-800-2050_perc-1_ILA,ILA,1,0.88576,0.94627392,0.5073918331996581,0.8471873049137798,0.4701597564273275,0.5624043450679415,/imaging.data/rschwob/24-07_histo_segmentations/data/TCGA-OL-A97C-DX1_xmin68058_ymin32495_MPP-0.2500_crop-1250-2500-800-2050.tif,/imaging.data/rschwob/24-07_histo_segmentations/data/TCGA-OL-A97C-DX1_xmin68058_ymin32495_MPP-0.2500_crop-1250-2500-800-2050_GT.tif,/imaging.data/rschwob/24-07_histo_segmentations/data/TCGA-OL-A97C-DX1_xmin68058_ymin32495_MPP-0.2500_crop-1250-2500-800-2050_perc-1_LABELS.tif,/imaging.data/rschwob/24-07_histo_segmentations/data/TCGA-OL-A97C-DX1_xmin68058_ymin32495_MPP-0.2500_crop-1250-2500-800-2050_perc-1_ILA.tif
TCGA-A1-A0SK-DX1_xmin45749_ymin25055_MPP-0.2500_crop-750-2000-750-2000,TCGA-A1-A0SK-DX1_xmin45749_ymin25055_MPP-0.2500_crop-750-2000-750-2000_perc-1,TCGA-A1-A0SK-DX1_xmin45749_ymin25055_MPP-0.2500_crop-750-2000-750-2000_perc-1_VGG16_l-0-2_s-1-2-4-8,VGG16_l-0-2_s-1-2-4-8,1,0.882688,0.78241792,0.5072678087590308,0.7316891221877252,0.4059391322097901,0.5387630364149427,/imaging.data/rschwob/24-07_histo_segmentations/data/TCGA-A1-A0SK-DX1_xmin45749_ymin25055_MPP-0.2500_crop-750-2000-750-2000.tif,/imaging.data/rschwob/24-07_histo_segmentations/data/TCGA-A1-A0SK-DX1_xmin45749_ymin25055_MPP-0.2500_crop-750-2000-750-2000_GT.tif,/imaging.data/rschwob/24-07_histo_segmentations/data/TCGA-A1-A0SK-DX1_xmin45749_ymin25055_MPP-0.2500_crop-750-2000-750-2000_perc-1_LABELS.tif,/imaging.data/rschwob/24-07_histo_segmentations/data/TCGA-A1-A0SK-DX1_xmin45749_ymin25055_MPP-0.2500_crop-750-2000-750-2000_perc-1_VGG16_l-0-2_s-1-2-4-8.tif
TCGA-A1-A0SP-DX1_xmin6798_ymin53719_MPP-0.2500_crop-2000-3250-0-1250,TCGA-A1-A0SP-DX1_xmin6798_ymin53719_MPP-0.2500_crop-2000-3250-0-1250_perc-1,TCGA-A1-A0SP-DX1_xmin6798_ymin53719_MPP-0.2500_crop-2000-3250-0-1250_perc-1_VGG16_l-0-2_s-1-2-4-8,VGG16_l-0-2_s-1-2-4-8,1,0.956032,0.81965504,0.4980894473160044,0.5849911935369122,0.382311062574053,0.519918897142091,/imaging.data/rschwob/24-07_histo_segmentations/data/TCGA-A1-A0SP-DX1_xmin6798_ymin53719_MPP-0.2500_crop-2000-3250-0-1250.tif,/imaging.data/rschwob/24-07_histo_segmentations/data/TCGA-A1-A0SP-DX1_xmin6798_ymin53719_MPP-0.2500_crop-2000-3250-0-1250_GT.tif,/imaging.data/rschwob/24-07_histo_segmentations/data/TCGA-A1-A0SP-DX1_xmin6798_ymin53719_MPP-0.2500_crop-2000-3250-0-1250_perc-1_LABELS.tif,/imaging.data/rschwob/24-07_histo_segmentations/data/TCGA-A1-A0SP-DX1_xmin6798_ymin53719_MPP-0.2500_crop-2000-3250-0-1250_perc-1_VGG16_l-0-2_s-1-2-4-8.tif
TCGA-A2-A0SX-DX1_xmin53791_ymin56683_MPP-0.2500_crop-2250-3500--1250--1,TCGA-A2-A0SX-DX1_xmin53791_ymin56683_MPP-0.2500_crop-2250-3500--1250--1_perc-1,TCGA-A2-A0SX-DX1_xmin53791_ymin56683_MPP-0.2500_crop-2250-3500--1250--1_perc-1_VGG16_l-0-2_s-1-2-4-8,VGG16_l-0-2_s-1-2-4-8,1,0.9424499599679744,0.7071481184947959,0.644264043080755,0.6611872228112627,0.509832474438042,0.6468589704261508,/imaging.data/rschwob/24-07_histo_segmentations/data/TCGA-A2-A0SX-DX1_xmin53791_ymin56683_MPP-0.2500_crop-2250-3500--1250--1.tif,/imaging.data/rschwob/24-07_histo_segmentations/data/TCGA-A2-A0SX-DX1_xmin53791_ymin56683_MPP-0.2500_crop-2250-3500--1250--1_GT.tif,/imaging.data/rschwob/24-07_histo_segmentations/data/TCGA-A2-A0SX-DX1_xmin53791_ymin56683_MPP-0.2500_crop-2250-3500--1250--1_perc-1_LABELS.tif,/imaging.data/rschwob/24-07_histo_segmentations/data/TCGA-A2-A0SX-DX1_xmin53791_ymin56683_MPP-0.2500_crop-2250-3500--1250--1_perc-1_VGG16_l-0-2_s-1-2-4-8.tif
TCGA-A7-A5ZV-DX1_xmin103009_ymin26581_MPP-0.2500_crop-850-2100-600-1850,TCGA-A7-A5ZV-DX1_xmin103009_ymin26581_MPP-0.2500_crop-850-2100-600-1850_perc-1,TCGA-A7-A5ZV-DX1_xmin103009_ymin26581_MPP-0.2500_crop-850-2100-600-1850_perc-1_VGG16_l-0-2_s-1-2-4-8,VGG16_l-0-2_s-1-2-4-8,1,0.944384,0.54358272,0.4296864013492854,0.4188735201567814,0.2835599523647009,0.419649871079881,/imaging.data/rschwob/24-07_histo_segmentations/data/TCGA-A7-A5ZV-DX1_xmin103009_ymin26581_MPP-0.2500_crop-850-2100-600-1850.tif,/imaging.data/rschwob/24-07_histo_segmentations/data/TCGA-A7-A5ZV-DX1_xmin103009_ymin26581_MPP-0.2500_crop-850-2100-600-1850_GT.tif,/imaging.data/rschwob/24-07_histo_segmentations/data/TCGA-A7-A5ZV-DX1_xmin103009_ymin26581_MPP-0.2500_crop-850-2100-600-1850_perc-1_LABELS.tif,/imaging.data/rschwob/24-07_histo_segmentations/data/TCGA-A7-A5ZV-DX1_xmin103009_ymin26581_MPP-0.2500_crop-850-2100-600-1850_perc-1_VGG16_l-0-2_s-1-2-4-8.tif
TCGA-A7-A6VW-DX1_xmin69350_ymin15716_MPP-0.2500_crop-0-1250-0-1250,TCGA-A7-A6VW-DX1_xmin69350_ymin15716_MPP-0.2500_crop-0-1250-0-1250_perc-1,TCGA-A7-A6VW-DX1_xmin69350_ymin15716_MPP-0.2500_crop-0-1250-0-1250_perc-1_VGG16_l-0-2_s-1-2-4-8,VGG16_l-0-2_s-1-2-4-8,1,0.9776,0.90576576,0.9014984084752052,0.8858809875663689,0.8121126208518769,0.8933446242558652,/imaging.data/rschwob/24-07_histo_segmentations/data/TCGA-A7-A6VW-DX1_xmin69350_ymin15716_MPP-0.2500_crop-0-1250-0-1250.tif,/imaging.data/rschwob/24-07_histo_segmentations/data/TCGA-A7-A6VW-DX1_xmin69350_ymin15716_MPP-0.2500_crop-0-1250-0-1250_GT.tif,/imaging.data/rschwob/24-07_histo_segmentations/data/TCGA-A7-A6VW-DX1_xmin69350_ymin15716_MPP-0.2500_crop-0-1250-0-1250_perc-1_LABELS.tif,/imaging.data/rschwob/24-07_histo_segmentations/data/TCGA-A7-A6VW-DX1_xmin69350_ymin15716_MPP-0.2500_crop-0-1250-0-1250_perc-1_VGG16_l-0-2_s-1-2-4-8.tif
TCGA-AR-A2LR-DX1_xmin46540_ymin31961_MPP-0.2500_crop-250-1500-1000-2250,TCGA-AR-A2LR-DX1_xmin46540_ymin31961_MPP-0.2500_crop-250-1500-1000-2250_perc-1,TCGA-AR-A2LR-DX1_xmin46540_ymin31961_MPP-0.2500_crop-250-1500-1000-2250_perc-1_VGG16_l-0-2_s-1-2-4-8,VGG16_l-0-2_s-1-2-4-8,1,0.983616,0.80396992,0.6457130315371846,0.6330868811248412,0.5231362281980158,0.6382202774390193,/imaging.data/rschwob/24-07_histo_segmentations/data/TCGA-AR-A2LR-DX1_xmin46540_ymin31961_MPP-0.2500_crop-250-1500-1000-2250.tif,/imaging.data/rschwob/24-07_histo_segmentations/data/TCGA-AR-A2LR-DX1_xmin46540_ymin31961_MPP-0.2500_crop-250-1500-1000-2250_GT.tif,/imaging.data/rschwob/24-07_histo_segmentations/data/TCGA-AR-A2LR-DX1_xmin46540_ymin31961_MPP-0.2500_crop-250-1500-1000-2250_perc-1_LABELS.tif,/imaging.data/rschwob/24-07_histo_segmentations/data/TCGA-AR-A2LR-DX1_xmin46540_ymin31961_MPP-0.2500_crop-250-1500-1000-2250_perc-1_VGG16_l-0-2_s-1-2-4-8.tif
TCGA-D8-A1JG-DX1_xmin15677_ymin69205_MPP-0.2500_crop-500-1750-1300-2550,TCGA-D8-A1JG-DX1_xmin15677_ymin69205_MPP-0.2500_crop-500-1750-1300-2550_perc-1,TCGA-D8-A1JG-DX1_xmin15677_ymin69205_MPP-0.2500_crop-500-1750-1300-2550_perc-1_VGG16_l-0-2_s-1-2-4-8,VGG16_l-0-2_s-1-2-4-8,1,0.951744,0.65816128,0.5342784976464866,0.5613906845763913,0.3801842339876849,0.5320290243335198,/imaging.data/rschwob/24-07_histo_segmentations/data/TCGA-D8-A1JG-DX1_xmin15677_ymin69205_MPP-0.2500_crop-500-1750-1300-2550.tif,/imaging.data/rschwob/24-07_histo_segmentations/data/TCGA-D8-A1JG-DX1_xmin15677_ymin69205_MPP-0.2500_crop-500-1750-1300-2550_GT.tif,/imaging.data/rschwob/24-07_histo_segmentations/data/TCGA-D8-A1JG-DX1_xmin15677_ymin69205_MPP-0.2500_crop-500-1750-1300-2550_perc-1_LABELS.tif,/imaging.data/rschwob/24-07_histo_segmentations/data/TCGA-D8-A1JG-DX1_xmin15677_ymin69205_MPP-0.2500_crop-500-1750-1300-2550_perc-1_VGG16_l-0-2_s-1-2-4-8.tif
TCGA-EW-A1P1-DX1_xmin50567_ymin38988_MPP-0.2500_crop-2250-3500-2100-3350,TCGA-EW-A1P1-DX1_xmin50567_ymin38988_MPP-0.2500_crop-2250-3500-2100-3350_perc-1,TCGA-EW-A1P1-DX1_xmin50567_ymin38988_MPP-0.2500_crop-2250-3500-2100-3350_perc-1_VGG16_l-0-2_s-1-2-4-8,VGG16_l-0-2_s-1-2-4-8,1,0.8709120000000001,0.78679488,0.5203734761255407,0.7557176741460013,0.4149416469104929,0.5539599461248593,/imaging.data/rschwob/24-07_histo_segmentations/data/TCGA-EW-A1P1-DX1_xmin50567_ymin38988_MPP-0.2500_crop-2250-3500-2100-3350.tif,/imaging.data/rschwob/24-07_histo_segmentations/data/TCGA-EW-A1P1-DX1_xmin50567_ymin38988_MPP-0.2500_crop-2250-3500-2100-3350_GT.tif,/imaging.data/rschwob/24-07_histo_segmentations/data/TCGA-EW-A1P1-DX1_xmin50567_ymin38988_MPP-0.2500_crop-2250-3500-2100-3350_perc-1_LABELS.tif,/imaging.data/rschwob/24-07_histo_segmentations/data/TCGA-EW-A1P1-DX1_xmin50567_ymin38988_MPP-0.2500_crop-2250-3500-2100-3350_perc-1_VGG16_l-0-2_s-1-2-4-8.tif
TCGA-LL-A5YO-DX1_xmin36631_ymin44396_MPP-0.2500_crop-750-2000-500-1750,TCGA-LL-A5YO-DX1_xmin36631_ymin44396_MPP-0.2500_crop-750-2000-500-1750_perc-1,TCGA-LL-A5YO-DX1_xmin36631_ymin44396_MPP-0.2500_crop-750-2000-500-1750_perc-1_VGG16_l-0-2_s-1-2-4-8,VGG16_l-0-2_s-1-2-4-8,1,0.976768,0.56841408,0.5174358359229829,0.5815537172181877,0.3713037658526066,0.5389872379326357,/imaging.data/rschwob/24-07_histo_segmentations/data/TCGA-LL-A5YO-DX1_xmin36631_ymin44396_MPP-0.2500_crop-750-2000-500-1750.tif,/imaging.data/rschwob/24-07_histo_segmentations/data/TCGA-LL-A5YO-DX1_xmin36631_ymin44396_MPP-0.2500_crop-750-2000-500-1750_GT.tif,/imaging.data/rschwob/24-07_histo_segmentations/data/TCGA-LL-A5YO-DX1_xmin36631_ymin44396_MPP-0.2500_crop-750-2000-500-1750_perc-1_LABELS.tif,/imaging.data/rschwob/24-07_histo_segmentations/data/TCGA-LL-A5YO-DX1_xmin36631_ymin44396_MPP-0.2500_crop-750-2000-500-1750_perc-1_VGG16_l-0-2_s-1-2-4-8.tif
TCGA-OL-A97C-DX1_xmin68058_ymin32495_MPP-0.2500_crop-1250-2500-800-2050,TCGA-OL-A97C-DX1_xmin68058_ymin32495_MPP-0.2500_crop-1250-2500-800-2050_perc-1,TCGA-OL-A97C-DX1_xmin68058_ymin32495_MPP-0.2500_crop-1250-2500-800-2050_perc-1_VGG16_l-0-2_s-1-2-4-8,VGG16_l-0-2_s-1-2-4-8,1,0.88576,0.95584832,0.5501589421234633,0.8052332493256407,0.4988081591256773,0.6056320387484786,/imaging.data/rschwob/24-07_histo_segmentations/data/TCGA-OL-A97C-DX1_xmin68058_ymin32495_MPP-0.2500_crop-1250-2500-800-2050.tif,/imaging.data/rschwob/24-07_histo_segmentations/data/TCGA-OL-A97C-DX1_xmin68058_ymin32495_MPP-0.2500_crop-1250-2500-800-2050_GT.tif,/imaging.data/rschwob/24-07_histo_segmentations/data/TCGA-OL-A97C-DX1_xmin68058_ymin32495_MPP-0.2500_crop-1250-2500-800-2050_perc-1_LABELS.tif,/imaging.data/rschwob/24-07_histo_segmentations/data/TCGA-OL-A97C-DX1_xmin68058_ymin32495_MPP-0.2500_crop-1250-2500-800-2050_perc-1_VGG16_l-0-2_s-1-2-4-8.tif
