img_num,prediction type,scribbles mode,scribbles bin,suffix,class_1_pix_gt,class_2_pix_gt,pix_labelled,class_1_pix_labelled,class_2_pix_labelled,pix_in_img,perc. labelled,accuracy,image,ground truth,scribbles,prediction
0,dino,all,0.1,a,101577,94519,174,84,90,196096,0.0887320496083551,0.704904740535248,./cellpose_results/data/pred08/000_img.png,./cellpose_results/data/pred08/000_ground_truth.png,./cellpose_results/data/pred08/000_scribbles_all_00100_a.png,./cellpose_results/data/pred08/000_dino_all_00100_a.png
0,dino,all,1.0,a,101577,94519,1932,997,935,196096,0.9852317232375979,0.7381537614229765,./cellpose_results/data/pred08/000_img.png,./cellpose_results/data/pred08/000_ground_truth.png,./cellpose_results/data/pred08/000_scribbles_all_01000_a.png,./cellpose_results/data/pred08/000_dino_all_01000_a.png
0,dino,all,1.25,x,101577,94519,19188,10066,9122,196096,9.785003263707571,0.747026966383812,./cellpose_results/data/pred08/000_img.png,./cellpose_results/data/pred08/000_ground_truth.png,./cellpose_results/data/pred08/000_scribbles_all_01250_x.png,./cellpose_results/data/pred08/000_dino_all_01250_x.png
10,dino,all,0.1,a,120609,75487,179,109,70,196096,0.09128182114882506,0.725542591383812,./cellpose_results/data/pred08/010_img.png,./cellpose_results/data/pred08/010_ground_truth.png,./cellpose_results/data/pred08/010_scribbles_all_00100_a.png,./cellpose_results/data/pred08/010_dino_all_00100_a.png
10,dino,all,1.0,a,120609,75487,1915,1179,736,196096,0.9765625,0.7844678116840731,./cellpose_results/data/pred08/010_img.png,./cellpose_results/data/pred08/010_ground_truth.png,./cellpose_results/data/pred08/010_scribbles_all_01000_a.png,./cellpose_results/data/pred08/010_dino_all_01000_a.png
10,dino,all,1.25,x,120609,75487,19321,12235,7086,196096,9.852827186684072,0.7870532800261096,./cellpose_results/data/pred08/010_img.png,./cellpose_results/data/pred08/010_ground_truth.png,./cellpose_results/data/pred08/010_scribbles_all_01250_x.png,./cellpose_results/data/pred08/010_dino_all_01250_x.png
20,dino,all,0.1,a,94288,101808,172,85,87,196096,0.0877121409921671,0.6422619533289817,./cellpose_results/data/pred08/020_img.png,./cellpose_results/data/pred08/020_ground_truth.png,./cellpose_results/data/pred08/020_scribbles_all_00100_a.png,./cellpose_results/data/pred08/020_dino_all_00100_a.png
20,dino,all,1.0,a,94288,101808,1914,919,995,196096,0.976052545691906,0.6768980499347258,./cellpose_results/data/pred08/020_img.png,./cellpose_results/data/pred08/020_ground_truth.png,./cellpose_results/data/pred08/020_scribbles_all_01000_a.png,./cellpose_results/data/pred08/020_dino_all_01000_a.png
20,dino,all,1.25,x,94288,101808,18501,8803,9698,196096,9.434664654046998,0.7148794468015666,./cellpose_results/data/pred08/020_img.png,./cellpose_results/data/pred08/020_ground_truth.png,./cellpose_results/data/pred08/020_scribbles_all_01250_x.png,./cellpose_results/data/pred08/020_dino_all_01250_x.png
30,dino,all,0.1,a,124222,71874,172,112,60,196096,0.0877121409921671,0.6500081592689295,./cellpose_results/data/pred08/030_img.png,./cellpose_results/data/pred08/030_ground_truth.png,./cellpose_results/data/pred08/030_scribbles_all_00100_a.png,./cellpose_results/data/pred08/030_dino_all_00100_a.png
30,dino,all,1.0,a,124222,71874,1911,1216,695,196096,0.9745226827676241,0.8067528149477807,./cellpose_results/data/pred08/030_img.png,./cellpose_results/data/pred08/030_ground_truth.png,./cellpose_results/data/pred08/030_scribbles_all_01000_a.png,./cellpose_results/data/pred08/030_dino_all_01000_a.png
30,dino,all,1.25,x,124222,71874,19415,12615,6800,196096,9.900762891644908,0.7899192232375979,./cellpose_results/data/pred08/030_img.png,./cellpose_results/data/pred08/030_ground_truth.png,./cellpose_results/data/pred08/030_scribbles_all_01250_x.png,./cellpose_results/data/pred08/030_dino_all_01250_x.png
40,dino,all,0.1,a,149525,46571,182,141,41,196096,0.09281168407310705,0.7932747225848564,./cellpose_results/data/pred08/040_img.png,./cellpose_results/data/pred08/040_ground_truth.png,./cellpose_results/data/pred08/040_scribbles_all_00100_a.png,./cellpose_results/data/pred08/040_dino_all_00100_a.png
40,dino,all,1.0,a,149525,46571,1942,1485,457,196096,0.990331266318538,0.8717872878590078,./cellpose_results/data/pred08/040_img.png,./cellpose_results/data/pred08/040_ground_truth.png,./cellpose_results/data/pred08/040_scribbles_all_01000_a.png,./cellpose_results/data/pred08/040_dino_all_01000_a.png
40,dino,all,1.25,x,149525,46571,18490,14497,3993,196096,9.429055156657963,0.8600022437989556,./cellpose_results/data/pred08/040_img.png,./cellpose_results/data/pred08/040_ground_truth.png,./cellpose_results/data/pred08/040_scribbles_all_01250_x.png,./cellpose_results/data/pred08/040_dino_all_01250_x.png
50,dino,all,0.1,a,178281,17815,191,176,15,196096,0.097401272845953,0.906668162532637,./cellpose_results/data/pred08/050_img.png,./cellpose_results/data/pred08/050_ground_truth.png,./cellpose_results/data/pred08/050_scribbles_all_00100_a.png,./cellpose_results/data/pred08/050_dino_all_00100_a.png
50,dino,all,1.0,a,178281,17815,1911,1748,163,196096,0.9745226827676241,0.9197841873368147,./cellpose_results/data/pred08/050_img.png,./cellpose_results/data/pred08/050_ground_truth.png,./cellpose_results/data/pred08/050_scribbles_all_01000_a.png,./cellpose_results/data/pred08/050_dino_all_01000_a.png
50,dino,all,1.25,x,178281,17815,19594,18163,1431,196096,9.992044712793733,0.9382751305483029,./cellpose_results/data/pred08/050_img.png,./cellpose_results/data/pred08/050_ground_truth.png,./cellpose_results/data/pred08/050_scribbles_all_01250_x.png,./cellpose_results/data/pred08/050_dino_all_01250_x.png
60,dino,all,0.1,a,180711,15385,191,177,14,196096,0.097401272845953,0.9249245267624021,./cellpose_results/data/pred08/060_img.png,./cellpose_results/data/pred08/060_ground_truth.png,./cellpose_results/data/pred08/060_scribbles_all_00100_a.png,./cellpose_results/data/pred08/060_dino_all_00100_a.png
60,dino,all,1.0,a,180711,15385,1933,1789,144,196096,0.9857416775456919,0.9540888136422977,./cellpose_results/data/pred08/060_img.png,./cellpose_results/data/pred08/060_ground_truth.png,./cellpose_results/data/pred08/060_scribbles_all_01000_a.png,./cellpose_results/data/pred08/060_dino_all_01000_a.png
60,dino,all,1.25,x,180711,15385,20153,18734,1419,196096,10.277109171018276,0.9504273417101827,./cellpose_results/data/pred08/060_img.png,./cellpose_results/data/pred08/060_ground_truth.png,./cellpose_results/data/pred08/060_scribbles_all_01250_x.png,./cellpose_results/data/pred08/060_dino_all_01250_x.png
70,dino,all,0.1,a,175832,20264,182,164,18,196096,0.09281168407310705,0.9369186520887729,./cellpose_results/data/pred08/070_img.png,./cellpose_results/data/pred08/070_ground_truth.png,./cellpose_results/data/pred08/070_scribbles_all_00100_a.png,./cellpose_results/data/pred08/070_dino_all_00100_a.png
70,dino,all,1.0,a,175832,20264,1926,1741,185,196096,0.9821719973890339,0.9191212467362925,./cellpose_results/data/pred08/070_img.png,./cellpose_results/data/pred08/070_ground_truth.png,./cellpose_results/data/pred08/070_scribbles_all_01000_a.png,./cellpose_results/data/pred08/070_dino_all_01000_a.png
70,dino,all,1.25,x,175832,20264,18899,17346,1553,196096,9.637626468668408,0.9187642787206266,./cellpose_results/data/pred08/070_img.png,./cellpose_results/data/pred08/070_ground_truth.png,./cellpose_results/data/pred08/070_scribbles_all_01250_x.png,./cellpose_results/data/pred08/070_dino_all_01250_x.png
80,dino,all,0.1,a,169105,26991,176,154,22,196096,0.08975195822454309,0.8995186031331592,./cellpose_results/data/pred08/080_img.png,./cellpose_results/data/pred08/080_ground_truth.png,./cellpose_results/data/pred08/080_scribbles_all_00100_a.png,./cellpose_results/data/pred08/080_dino_all_00100_a.png
80,dino,all,1.0,a,169105,26991,1918,1666,252,196096,0.9780923629242819,0.9352154046997389,./cellpose_results/data/pred08/080_img.png,./cellpose_results/data/pred08/080_ground_truth.png,./cellpose_results/data/pred08/080_scribbles_all_01000_a.png,./cellpose_results/data/pred08/080_dino_all_01000_a.png
80,dino,all,1.25,x,169105,26991,20190,17527,2663,196096,10.295977480417754,0.924169794386423,./cellpose_results/data/pred08/080_img.png,./cellpose_results/data/pred08/080_ground_truth.png,./cellpose_results/data/pred08/080_scribbles_all_01250_x.png,./cellpose_results/data/pred08/080_dino_all_01250_x.png
90,dino,all,0.1,a,71483,88517,142,62,80,160000,0.08875000000000001,0.81759375,./cellpose_results/data/pred08/090_img.png,./cellpose_results/data/pred08/090_ground_truth.png,./cellpose_results/data/pred08/090_scribbles_all_00100_a.png,./cellpose_results/data/pred08/090_dino_all_00100_a.png
90,dino,all,1.0,a,71483,88517,1565,702,863,160000,0.978125,0.84940625,./cellpose_results/data/pred08/090_img.png,./cellpose_results/data/pred08/090_ground_truth.png,./cellpose_results/data/pred08/090_scribbles_all_01000_a.png,./cellpose_results/data/pred08/090_dino_all_01000_a.png
90,dino,all,1.25,x,71483,88517,16344,6535,9809,160000,10.215,0.85100625,./cellpose_results/data/pred08/090_img.png,./cellpose_results/data/pred08/090_ground_truth.png,./cellpose_results/data/pred08/090_scribbles_all_01250_x.png,./cellpose_results/data/pred08/090_dino_all_01250_x.png
100,dino,all,0.1,a,121234,81266,191,113,78,202500,0.09432098765432098,0.7390814814814815,./cellpose_results/data/pred08/100_img.png,./cellpose_results/data/pred08/100_ground_truth.png,./cellpose_results/data/pred08/100_scribbles_all_00100_a.png,./cellpose_results/data/pred08/100_dino_all_00100_a.png
100,dino,all,1.0,a,121234,81266,1976,1194,782,202500,0.9758024691358025,0.8554222222222222,./cellpose_results/data/pred08/100_img.png,./cellpose_results/data/pred08/100_ground_truth.png,./cellpose_results/data/pred08/100_scribbles_all_01000_a.png,./cellpose_results/data/pred08/100_dino_all_01000_a.png
100,dino,all,1.25,x,121234,81266,19300,11127,8173,202500,9.530864197530864,0.8542172839506172,./cellpose_results/data/pred08/100_img.png,./cellpose_results/data/pred08/100_ground_truth.png,./cellpose_results/data/pred08/100_scribbles_all_01250_x.png,./cellpose_results/data/pred08/100_dino_all_01250_x.png
110,dino,all,0.1,a,68632,127976,178,61,117,196608,0.09053548177083334,0.7356974283854166,./cellpose_results/data/pred08/110_img.png,./cellpose_results/data/pred08/110_ground_truth.png,./cellpose_results/data/pred08/110_scribbles_all_00100_a.png,./cellpose_results/data/pred08/110_dino_all_00100_a.png
110,dino,all,1.0,a,68632,127976,1917,668,1249,196608,0.97503662109375,0.7985127766927084,./cellpose_results/data/pred08/110_img.png,./cellpose_results/data/pred08/110_ground_truth.png,./cellpose_results/data/pred08/110_scribbles_all_01000_a.png,./cellpose_results/data/pred08/110_dino_all_01000_a.png
110,dino,all,1.25,x,68632,127976,19278,5812,13466,196608,9.8052978515625,0.8183135986328125,./cellpose_results/data/pred08/110_img.png,./cellpose_results/data/pred08/110_ground_truth.png,./cellpose_results/data/pred08/110_scribbles_all_01250_x.png,./cellpose_results/data/pred08/110_dino_all_01250_x.png
120,dino,all,0.1,a,51931,144677,185,45,140,196608,0.09409586588541666,0.7046559651692709,./cellpose_results/data/pred08/120_img.png,./cellpose_results/data/pred08/120_ground_truth.png,./cellpose_results/data/pred08/120_scribbles_all_00100_a.png,./cellpose_results/data/pred08/120_dino_all_00100_a.png
120,dino,all,1.0,a,51931,144677,1934,507,1427,196608,0.9836832682291666,0.7655029296875,./cellpose_results/data/pred08/120_img.png,./cellpose_results/data/pred08/120_ground_truth.png,./cellpose_results/data/pred08/120_scribbles_all_01000_a.png,./cellpose_results/data/pred08/120_dino_all_01000_a.png
120,dino,all,1.25,x,51931,144677,19690,4854,14836,196608,10.014851888020832,0.8105214436848959,./cellpose_results/data/pred08/120_img.png,./cellpose_results/data/pred08/120_ground_truth.png,./cellpose_results/data/pred08/120_scribbles_all_01250_x.png,./cellpose_results/data/pred08/120_dino_all_01250_x.png
130,dino,all,0.1,a,226952,35192,242,214,28,262144,0.092315673828125,0.864532470703125,./cellpose_results/data/pred08/130_img.png,./cellpose_results/data/pred08/130_ground_truth.png,./cellpose_results/data/pred08/130_scribbles_all_00100_a.png,./cellpose_results/data/pred08/130_dino_all_00100_a.png
130,dino,all,1.0,a,226952,35192,2538,2251,287,262144,0.968170166015625,0.8968276977539062,./cellpose_results/data/pred08/130_img.png,./cellpose_results/data/pred08/130_ground_truth.png,./cellpose_results/data/pred08/130_scribbles_all_01000_a.png,./cellpose_results/data/pred08/130_dino_all_01000_a.png
130,dino,all,1.25,x,226952,35192,25928,22638,3290,262144,9.8907470703125,0.9032630920410156,./cellpose_results/data/pred08/130_img.png,./cellpose_results/data/pred08/130_ground_truth.png,./cellpose_results/data/pred08/130_scribbles_all_01250_x.png,./cellpose_results/data/pred08/130_dino_all_01250_x.png
140,dino,all,0.1,a,149382,112762,242,134,108,262144,0.092315673828125,0.5977859497070312,./cellpose_results/data/pred08/140_img.png,./cellpose_results/data/pred08/140_ground_truth.png,./cellpose_results/data/pred08/140_scribbles_all_00100_a.png,./cellpose_results/data/pred08/140_dino_all_00100_a.png
140,dino,all,1.0,a,149382,112762,2353,1475,878,262144,0.8975982666015625,0.6844902038574219,./cellpose_results/data/pred08/140_img.png,./cellpose_results/data/pred08/140_ground_truth.png,./cellpose_results/data/pred08/140_scribbles_all_01000_a.png,./cellpose_results/data/pred08/140_dino_all_01000_a.png
140,dino,all,1.25,x,149382,112762,21331,13763,7568,262144,8.137130737304688,0.686859130859375,./cellpose_results/data/pred08/140_img.png,./cellpose_results/data/pred08/140_ground_truth.png,./cellpose_results/data/pred08/140_scribbles_all_01250_x.png,./cellpose_results/data/pred08/140_dino_all_01250_x.png
150,dino,all,0.1,a,162446,20338,170,153,17,182784,0.09300595238095237,0.9107306985294118,./cellpose_results/data/pred08/150_img.png,./cellpose_results/data/pred08/150_ground_truth.png,./cellpose_results/data/pred08/150_scribbles_all_00100_a.png,./cellpose_results/data/pred08/150_dino_all_00100_a.png
150,dino,all,1.0,a,162446,20338,1751,1605,146,182784,0.9579613095238095,0.9172301733193278,./cellpose_results/data/pred08/150_img.png,./cellpose_results/data/pred08/150_ground_truth.png,./cellpose_results/data/pred08/150_scribbles_all_01000_a.png,./cellpose_results/data/pred08/150_dino_all_01000_a.png
150,dino,all,1.25,x,162446,20338,18651,16626,2025,182784,10.203847163865547,0.916141456582633,./cellpose_results/data/pred08/150_img.png,./cellpose_results/data/pred08/150_ground_truth.png,./cellpose_results/data/pred08/150_scribbles_all_01250_x.png,./cellpose_results/data/pred08/150_dino_all_01250_x.png
160,dino,all,0.1,a,43292,25497,63,42,21,68789,0.09158441029815813,0.6873482678916687,./cellpose_results/data/pred08/160_img.png,./cellpose_results/data/pred08/160_ground_truth.png,./cellpose_results/data/pred08/160_scribbles_all_00100_a.png,./cellpose_results/data/pred08/160_dino_all_00100_a.png
160,dino,all,1.0,a,43292,25497,667,422,245,68789,0.9696317725217695,0.6835685938158718,./cellpose_results/data/pred08/160_img.png,./cellpose_results/data/pred08/160_ground_truth.png,./cellpose_results/data/pred08/160_scribbles_all_01000_a.png,./cellpose_results/data/pred08/160_dino_all_01000_a.png
160,dino,all,1.25,x,43292,25497,6764,4569,2195,68789,9.83296748026574,0.6627513119830205,./cellpose_results/data/pred08/160_img.png,./cellpose_results/data/pred08/160_ground_truth.png,./cellpose_results/data/pred08/160_scribbles_all_01250_x.png,./cellpose_results/data/pred08/160_dino_all_01250_x.png
170,dino,all,0.1,a,26637,23868,39,21,18,50505,0.07722007722007722,0.6043560043560043,./cellpose_results/data/pred08/170_img.png,./cellpose_results/data/pred08/170_ground_truth.png,./cellpose_results/data/pred08/170_scribbles_all_00100_a.png,./cellpose_results/data/pred08/170_dino_all_00100_a.png
170,dino,all,1.0,a,26637,23868,488,260,228,50505,0.9662409662409662,0.6895752895752896,./cellpose_results/data/pred08/170_img.png,./cellpose_results/data/pred08/170_ground_truth.png,./cellpose_results/data/pred08/170_scribbles_all_01000_a.png,./cellpose_results/data/pred08/170_dino_all_01000_a.png
170,dino,all,1.25,x,26637,23868,5173,2584,2589,50505,10.242550242550243,0.682981882981883,./cellpose_results/data/pred08/170_img.png,./cellpose_results/data/pred08/170_ground_truth.png,./cellpose_results/data/pred08/170_scribbles_all_01250_x.png,./cellpose_results/data/pred08/170_dino_all_01250_x.png
180,dino,all,0.1,a,93829,136571,217,83,134,230400,0.09418402777777778,0.7515104166666666,./cellpose_results/data/pred08/180_img.png,./cellpose_results/data/pred08/180_ground_truth.png,./cellpose_results/data/pred08/180_scribbles_all_00100_a.png,./cellpose_results/data/pred08/180_dino_all_00100_a.png
180,dino,all,1.0,a,93829,136571,2280,929,1351,230400,0.9895833333333333,0.8210243055555555,./cellpose_results/data/pred08/180_img.png,./cellpose_results/data/pred08/180_ground_truth.png,./cellpose_results/data/pred08/180_scribbles_all_01000_a.png,./cellpose_results/data/pred08/180_dino_all_01000_a.png
180,dino,all,1.25,x,93829,136571,22716,8532,14184,230400,9.859375,0.8237847222222222,./cellpose_results/data/pred08/180_img.png,./cellpose_results/data/pred08/180_ground_truth.png,./cellpose_results/data/pred08/180_scribbles_all_01250_x.png,./cellpose_results/data/pred08/180_dino_all_01250_x.png
190,dino,all,0.1,a,99129,97991,184,92,92,197120,0.09334415584415584,0.7398995535714286,./cellpose_results/data/pred08/190_img.png,./cellpose_results/data/pred08/190_ground_truth.png,./cellpose_results/data/pred08/190_scribbles_all_00100_a.png,./cellpose_results/data/pred08/190_dino_all_00100_a.png
190,dino,all,1.0,a,99129,97991,1928,963,965,197120,0.9780844155844156,0.7949624594155844,./cellpose_results/data/pred08/190_img.png,./cellpose_results/data/pred08/190_ground_truth.png,./cellpose_results/data/pred08/190_scribbles_all_01000_a.png,./cellpose_results/data/pred08/190_dino_all_01000_a.png
190,dino,all,1.25,x,99129,97991,19361,8984,10377,197120,9.821935876623376,0.7910866477272728,./cellpose_results/data/pred08/190_img.png,./cellpose_results/data/pred08/190_ground_truth.png,./cellpose_results/data/pred08/190_scribbles_all_01250_x.png,./cellpose_results/data/pred08/190_dino_all_01250_x.png
200,dino,all,0.1,a,224957,37187,248,217,31,262144,0.0946044921875,0.8774909973144531,./cellpose_results/data/pred08/200_img.png,./cellpose_results/data/pred08/200_ground_truth.png,./cellpose_results/data/pred08/200_scribbles_all_00100_a.png,./cellpose_results/data/pred08/200_dino_all_00100_a.png
200,dino,all,1.0,a,224957,37187,2592,2232,360,262144,0.98876953125,0.9167137145996094,./cellpose_results/data/pred08/200_img.png,./cellpose_results/data/pred08/200_ground_truth.png,./cellpose_results/data/pred08/200_scribbles_all_01000_a.png,./cellpose_results/data/pred08/200_dino_all_01000_a.png
200,dino,all,1.25,x,224957,37187,24613,21132,3481,262144,9.389114379882812,0.9140090942382812,./cellpose_results/data/pred08/200_img.png,./cellpose_results/data/pred08/200_ground_truth.png,./cellpose_results/data/pred08/200_scribbles_all_01250_x.png,./cellpose_results/data/pred08/200_dino_all_01250_x.png
210,dino,all,0.1,a,37686,12560,46,34,12,50246,0.09154957608565856,0.7990685825737373,./cellpose_results/data/pred08/210_img.png,./cellpose_results/data/pred08/210_ground_truth.png,./cellpose_results/data/pred08/210_scribbles_all_00100_a.png,./cellpose_results/data/pred08/210_dino_all_00100_a.png
210,dino,all,1.0,a,37686,12560,485,367,118,50246,0.9652509652509652,0.8151494646340007,./cellpose_results/data/pred08/210_img.png,./cellpose_results/data/pred08/210_ground_truth.png,./cellpose_results/data/pred08/210_scribbles_all_01000_a.png,./cellpose_results/data/pred08/210_dino_all_01000_a.png
210,dino,all,1.25,x,37686,12560,5363,3972,1391,50246,10.673486446682324,0.7974565139513593,./cellpose_results/data/pred08/210_img.png,./cellpose_results/data/pred08/210_ground_truth.png,./cellpose_results/data/pred08/210_scribbles_all_01250_x.png,./cellpose_results/data/pred08/210_dino_all_01250_x.png
220,dino,all,0.1,a,149563,52165,183,143,40,201728,0.090716211928934,0.8528860644035533,./cellpose_results/data/pred08/220_img.png,./cellpose_results/data/pred08/220_ground_truth.png,./cellpose_results/data/pred08/220_scribbles_all_00100_a.png,./cellpose_results/data/pred08/220_dino_all_00100_a.png
220,dino,all,1.0,a,149563,52165,1959,1457,502,201728,0.9711096129441624,0.8667363975253807,./cellpose_results/data/pred08/220_img.png,./cellpose_results/data/pred08/220_ground_truth.png,./cellpose_results/data/pred08/220_scribbles_all_01000_a.png,./cellpose_results/data/pred08/220_dino_all_01000_a.png
220,dino,all,1.25,x,149563,52165,19529,13738,5791,201728,9.68085739213198,0.867415529822335,./cellpose_results/data/pred08/220_img.png,./cellpose_results/data/pred08/220_ground_truth.png,./cellpose_results/data/pred08/220_scribbles_all_01250_x.png,./cellpose_results/data/pred08/220_dino_all_01250_x.png
230,dino,all,0.1,a,107415,50281,135,97,38,157696,0.08560775162337662,0.8466987114448052,./cellpose_results/data/pred08/230_img.png,./cellpose_results/data/pred08/230_ground_truth.png,./cellpose_results/data/pred08/230_scribbles_all_00100_a.png,./cellpose_results/data/pred08/230_dino_all_00100_a.png
230,dino,all,1.0,a,107415,50281,1549,1063,486,157696,0.9822696834415584,0.9148932122564936,./cellpose_results/data/pred08/230_img.png,./cellpose_results/data/pred08/230_ground_truth.png,./cellpose_results/data/pred08/230_scribbles_all_01000_a.png,./cellpose_results/data/pred08/230_dino_all_01000_a.png
230,dino,all,1.25,x,107415,50281,15913,11061,4852,157696,10.09093445616883,0.9143288352272727,./cellpose_results/data/pred08/230_img.png,./cellpose_results/data/pred08/230_ground_truth.png,./cellpose_results/data/pred08/230_scribbles_all_01250_x.png,./cellpose_results/data/pred08/230_dino_all_01250_x.png
240,dino,all,0.1,a,74241,83455,140,62,78,157696,0.08877840909090909,0.5819044237012987,./cellpose_results/data/pred08/240_img.png,./cellpose_results/data/pred08/240_ground_truth.png,./cellpose_results/data/pred08/240_scribbles_all_00100_a.png,./cellpose_results/data/pred08/240_dino_all_00100_a.png
240,dino,all,1.0,a,74241,83455,1539,728,811,157696,0.9759283685064936,0.8404081270292207,./cellpose_results/data/pred08/240_img.png,./cellpose_results/data/pred08/240_ground_truth.png,./cellpose_results/data/pred08/240_scribbles_all_01000_a.png,./cellpose_results/data/pred08/240_dino_all_01000_a.png
240,dino,all,1.25,x,74241,83455,15351,6720,8631,157696,9.734552556818182,0.8267996651785714,./cellpose_results/data/pred08/240_img.png,./cellpose_results/data/pred08/240_ground_truth.png,./cellpose_results/data/pred08/240_scribbles_all_01250_x.png,./cellpose_results/data/pred08/240_dino_all_01250_x.png
250,dino,all,0.1,a,31729,49396,69,25,44,81125,0.08505392912172573,0.7576825885978429,./cellpose_results/data/pred08/250_img.png,./cellpose_results/data/pred08/250_ground_truth.png,./cellpose_results/data/pred08/250_scribbles_all_00100_a.png,./cellpose_results/data/pred08/250_dino_all_00100_a.png
250,dino,all,1.0,a,31729,49396,790,309,481,81125,0.9738058551617874,0.8252819722650231,./cellpose_results/data/pred08/250_img.png,./cellpose_results/data/pred08/250_ground_truth.png,./cellpose_results/data/pred08/250_scribbles_all_01000_a.png,./cellpose_results/data/pred08/250_dino_all_01000_a.png
250,dino,all,1.25,x,31729,49396,8684,3213,5471,81125,10.70446841294299,0.8144961479198767,./cellpose_results/data/pred08/250_img.png,./cellpose_results/data/pred08/250_ground_truth.png,./cellpose_results/data/pred08/250_scribbles_all_01250_x.png,./cellpose_results/data/pred08/250_dino_all_01250_x.png
260,dino,all,0.1,a,148200,65304,196,140,56,213504,0.0918015587529976,0.7550678207434053,./cellpose_results/data/pred08/260_img.png,./cellpose_results/data/pred08/260_ground_truth.png,./cellpose_results/data/pred08/260_scribbles_all_00100_a.png,./cellpose_results/data/pred08/260_dino_all_00100_a.png
260,dino,all,1.0,a,148200,65304,2105,1473,632,213504,0.9859300059952038,0.7786692520983214,./cellpose_results/data/pred08/260_img.png,./cellpose_results/data/pred08/260_ground_truth.png,./cellpose_results/data/pred08/260_scribbles_all_01000_a.png,./cellpose_results/data/pred08/260_dino_all_01000_a.png
260,dino,all,1.25,x,148200,65304,18570,14066,4504,213504,8.697729316546763,0.7465714928057554,./cellpose_results/data/pred08/260_img.png,./cellpose_results/data/pred08/260_ground_truth.png,./cellpose_results/data/pred08/260_scribbles_all_01250_x.png,./cellpose_results/data/pred08/260_dino_all_01250_x.png
270,dino,all,0.1,a,119407,46993,148,112,36,166400,0.0889423076923077,0.8324098557692308,./cellpose_results/data/pred08/270_img.png,./cellpose_results/data/pred08/270_ground_truth.png,./cellpose_results/data/pred08/270_scribbles_all_00100_a.png,./cellpose_results/data/pred08/270_dino_all_00100_a.png
270,dino,all,1.0,a,119407,46993,1641,1181,460,166400,0.9861778846153847,0.8853545673076924,./cellpose_results/data/pred08/270_img.png,./cellpose_results/data/pred08/270_ground_truth.png,./cellpose_results/data/pred08/270_scribbles_all_01000_a.png,./cellpose_results/data/pred08/270_dino_all_01000_a.png
270,dino,all,1.25,x,119407,46993,16425,12109,4316,166400,9.87079326923077,0.8788701923076923,./cellpose_results/data/pred08/270_img.png,./cellpose_results/data/pred08/270_ground_truth.png,./cellpose_results/data/pred08/270_scribbles_all_01250_x.png,./cellpose_results/data/pred08/270_dino_all_01250_x.png
280,dino,all,0.1,a,63473,94223,140,54,86,157696,0.08877840909090909,0.742866020698052,./cellpose_results/data/pred08/280_img.png,./cellpose_results/data/pred08/280_ground_truth.png,./cellpose_results/data/pred08/280_scribbles_all_00100_a.png,./cellpose_results/data/pred08/280_dino_all_00100_a.png
280,dino,all,1.0,a,63473,94223,1546,622,924,157696,0.980367288961039,0.7725433745941559,./cellpose_results/data/pred08/280_img.png,./cellpose_results/data/pred08/280_ground_truth.png,./cellpose_results/data/pred08/280_scribbles_all_01000_a.png,./cellpose_results/data/pred08/280_dino_all_01000_a.png
280,dino,all,1.25,x,63473,94223,14800,5259,9541,157696,9.385146103896105,0.7815099939123377,./cellpose_results/data/pred08/280_img.png,./cellpose_results/data/pred08/280_ground_truth.png,./cellpose_results/data/pred08/280_scribbles_all_01250_x.png,./cellpose_results/data/pred08/280_dino_all_01250_x.png
290,dino,all,0.1,a,61367,200777,240,49,191,262144,0.091552734375,0.8698081970214844,./cellpose_results/data/pred08/290_img.png,./cellpose_results/data/pred08/290_ground_truth.png,./cellpose_results/data/pred08/290_scribbles_all_00100_a.png,./cellpose_results/data/pred08/290_dino_all_00100_a.png
290,dino,all,1.0,a,61367,200777,2577,591,1986,262144,0.9830474853515625,0.8949241638183594,./cellpose_results/data/pred08/290_img.png,./cellpose_results/data/pred08/290_ground_truth.png,./cellpose_results/data/pred08/290_scribbles_all_01000_a.png,./cellpose_results/data/pred08/290_dino_all_01000_a.png
290,dino,all,1.25,x,61367,200777,26055,5250,20805,262144,9.939193725585938,0.8979835510253906,./cellpose_results/data/pred08/290_img.png,./cellpose_results/data/pred08/290_ground_truth.png,./cellpose_results/data/pred08/290_scribbles_all_01250_x.png,./cellpose_results/data/pred08/290_dino_all_01250_x.png
300,dino,all,0.1,a,39981,222163,243,30,213,262144,0.0926971435546875,0.8826904296875,./cellpose_results/data/pred08/300_img.png,./cellpose_results/data/pred08/300_ground_truth.png,./cellpose_results/data/pred08/300_scribbles_all_00100_a.png,./cellpose_results/data/pred08/300_dino_all_00100_a.png
300,dino,all,1.0,a,39981,222163,2597,395,2202,262144,0.9906768798828125,0.9030723571777344,./cellpose_results/data/pred08/300_img.png,./cellpose_results/data/pred08/300_ground_truth.png,./cellpose_results/data/pred08/300_scribbles_all_01000_a.png,./cellpose_results/data/pred08/300_dino_all_01000_a.png
300,dino,all,1.25,x,39981,222163,27002,3516,23486,262144,10.300445556640625,0.9091377258300781,./cellpose_results/data/pred08/300_img.png,./cellpose_results/data/pred08/300_ground_truth.png,./cellpose_results/data/pred08/300_scribbles_all_01250_x.png,./cellpose_results/data/pred08/300_dino_all_01250_x.png
310,dino,all,0.1,a,42596,219548,255,42,213,262144,0.0972747802734375,0.8858375549316406,./cellpose_results/data/pred08/310_img.png,./cellpose_results/data/pred08/310_ground_truth.png,./cellpose_results/data/pred08/310_scribbles_all_00100_a.png,./cellpose_results/data/pred08/310_dino_all_00100_a.png
310,dino,all,1.0,a,42596,219548,2553,392,2161,262144,0.9738922119140625,0.9047508239746094,./cellpose_results/data/pred08/310_img.png,./cellpose_results/data/pred08/310_ground_truth.png,./cellpose_results/data/pred08/310_scribbles_all_01000_a.png,./cellpose_results/data/pred08/310_dino_all_01000_a.png
310,dino,all,1.25,x,42596,219548,26078,3623,22455,262144,9.947967529296875,0.91253662109375,./cellpose_results/data/pred08/310_img.png,./cellpose_results/data/pred08/310_ground_truth.png,./cellpose_results/data/pred08/310_scribbles_all_01250_x.png,./cellpose_results/data/pred08/310_dino_all_01250_x.png
320,dino,all,0.1,a,40795,221349,239,23,216,262144,0.0911712646484375,0.8428993225097656,./cellpose_results/data/pred08/320_img.png,./cellpose_results/data/pred08/320_ground_truth.png,./cellpose_results/data/pred08/320_scribbles_all_00100_a.png,./cellpose_results/data/pred08/320_dino_all_00100_a.png
320,dino,all,1.0,a,40795,221349,2595,393,2202,262144,0.9899139404296875,0.9029159545898438,./cellpose_results/data/pred08/320_img.png,./cellpose_results/data/pred08/320_ground_truth.png,./cellpose_results/data/pred08/320_scribbles_all_01000_a.png,./cellpose_results/data/pred08/320_dino_all_01000_a.png
320,dino,all,1.25,x,40795,221349,26219,3606,22613,262144,10.001754760742188,0.9016380310058594,./cellpose_results/data/pred08/320_img.png,./cellpose_results/data/pred08/320_ground_truth.png,./cellpose_results/data/pred08/320_scribbles_all_01250_x.png,./cellpose_results/data/pred08/320_dino_all_01250_x.png
330,dino,all,0.1,a,11386,250758,256,9,247,262144,0.09765625,0.9312858581542969,./cellpose_results/data/pred08/330_img.png,./cellpose_results/data/pred08/330_ground_truth.png,./cellpose_results/data/pred08/330_scribbles_all_00100_a.png,./cellpose_results/data/pred08/330_dino_all_00100_a.png
330,dino,all,1.0,a,11386,250758,2589,109,2480,262144,0.9876251220703125,0.95587158203125,./cellpose_results/data/pred08/330_img.png,./cellpose_results/data/pred08/330_ground_truth.png,./cellpose_results/data/pred08/330_scribbles_all_01000_a.png,./cellpose_results/data/pred08/330_dino_all_01000_a.png
330,dino,all,1.25,x,11386,250758,28064,728,27336,262144,10.70556640625,0.9530410766601562,./cellpose_results/data/pred08/330_img.png,./cellpose_results/data/pred08/330_ground_truth.png,./cellpose_results/data/pred08/330_scribbles_all_01250_x.png,./cellpose_results/data/pred08/330_dino_all_01250_x.png
340,dino,all,0.1,a,16267,34358,39,13,26,50625,0.07703703703703704,0.7354271604938272,./cellpose_results/data/pred08/340_img.png,./cellpose_results/data/pred08/340_ground_truth.png,./cellpose_results/data/pred08/340_scribbles_all_00100_a.png,./cellpose_results/data/pred08/340_dino_all_00100_a.png
340,dino,all,1.0,a,16267,34358,498,162,336,50625,0.9837037037037036,0.8283456790123457,./cellpose_results/data/pred08/340_img.png,./cellpose_results/data/pred08/340_ground_truth.png,./cellpose_results/data/pred08/340_scribbles_all_01000_a.png,./cellpose_results/data/pred08/340_dino_all_01000_a.png
340,dino,all,1.25,x,16267,34358,5604,1654,3950,50625,11.06962962962963,0.8044246913580247,./cellpose_results/data/pred08/340_img.png,./cellpose_results/data/pred08/340_ground_truth.png,./cellpose_results/data/pred08/340_scribbles_all_01250_x.png,./cellpose_results/data/pred08/340_dino_all_01250_x.png
350,dino,all,0.1,a,47157,149451,184,40,144,196608,0.09358723958333334,0.7795664469401041,./cellpose_results/data/pred08/350_img.png,./cellpose_results/data/pred08/350_ground_truth.png,./cellpose_results/data/pred08/350_scribbles_all_00100_a.png,./cellpose_results/data/pred08/350_dino_all_00100_a.png
350,dino,all,1.0,a,47157,149451,1934,453,1481,196608,0.9836832682291666,0.8132425944010416,./cellpose_results/data/pred08/350_img.png,./cellpose_results/data/pred08/350_ground_truth.png,./cellpose_results/data/pred08/350_scribbles_all_01000_a.png,./cellpose_results/data/pred08/350_dino_all_01000_a.png
350,dino,all,1.25,x,47157,149451,17802,3306,14496,196608,9.0545654296875,0.79632568359375,./cellpose_results/data/pred08/350_img.png,./cellpose_results/data/pred08/350_ground_truth.png,./cellpose_results/data/pred08/350_scribbles_all_01250_x.png,./cellpose_results/data/pred08/350_dino_all_01250_x.png
360,dino,all,0.1,a,49197,147411,184,39,145,196608,0.09358723958333334,0.8032989501953125,./cellpose_results/data/pred08/360_img.png,./cellpose_results/data/pred08/360_ground_truth.png,./cellpose_results/data/pred08/360_scribbles_all_00100_a.png,./cellpose_results/data/pred08/360_dino_all_00100_a.png
360,dino,all,1.0,a,49197,147411,1878,413,1465,196608,0.9552001953125,0.7982025146484375,./cellpose_results/data/pred08/360_img.png,./cellpose_results/data/pred08/360_ground_truth.png,./cellpose_results/data/pred08/360_scribbles_all_01000_a.png,./cellpose_results/data/pred08/360_dino_all_01000_a.png
360,dino,all,1.25,x,49197,147411,17451,2939,14512,196608,8.87603759765625,0.7964833577473959,./cellpose_results/data/pred08/360_img.png,./cellpose_results/data/pred08/360_ground_truth.png,./cellpose_results/data/pred08/360_scribbles_all_01250_x.png,./cellpose_results/data/pred08/360_dino_all_01250_x.png
370,dino,all,0.1,a,57015,131913,174,49,125,188928,0.09209857723577236,0.7571985094850948,./cellpose_results/data/pred08/370_img.png,./cellpose_results/data/pred08/370_ground_truth.png,./cellpose_results/data/pred08/370_scribbles_all_00100_a.png,./cellpose_results/data/pred08/370_dino_all_00100_a.png
370,dino,all,1.0,a,57015,131913,1535,558,977,188928,0.8124788279132791,0.7536257198509485,./cellpose_results/data/pred08/370_img.png,./cellpose_results/data/pred08/370_ground_truth.png,./cellpose_results/data/pred08/370_scribbles_all_01000_a.png,./cellpose_results/data/pred08/370_dino_all_01000_a.png
370,dino,all,1.25,x,57015,131913,13090,4311,8779,188928,6.928565379403794,0.7307492801490515,./cellpose_results/data/pred08/370_img.png,./cellpose_results/data/pred08/370_ground_truth.png,./cellpose_results/data/pred08/370_scribbles_all_01250_x.png,./cellpose_results/data/pred08/370_dino_all_01250_x.png
380,dino,all,0.1,a,55672,89528,130,50,80,145200,0.08953168044077135,0.8110055096418732,./cellpose_results/data/pred08/380_img.png,./cellpose_results/data/pred08/380_ground_truth.png,./cellpose_results/data/pred08/380_scribbles_all_00100_a.png,./cellpose_results/data/pred08/380_dino_all_00100_a.png
380,dino,all,1.0,a,55672,89528,1432,544,888,145200,0.9862258953168044,0.8800137741046832,./cellpose_results/data/pred08/380_img.png,./cellpose_results/data/pred08/380_ground_truth.png,./cellpose_results/data/pred08/380_scribbles_all_01000_a.png,./cellpose_results/data/pred08/380_dino_all_01000_a.png
380,dino,all,1.25,x,55672,89528,14580,5043,9537,145200,10.041322314049586,0.9056887052341598,./cellpose_results/data/pred08/380_img.png,./cellpose_results/data/pred08/380_ground_truth.png,./cellpose_results/data/pred08/380_scribbles_all_01250_x.png,./cellpose_results/data/pred08/380_dino_all_01250_x.png
390,dino,all,0.1,a,21627,227205,243,21,222,248832,0.09765625,0.9059566293724279,./cellpose_results/data/pred08/390_img.png,./cellpose_results/data/pred08/390_ground_truth.png,./cellpose_results/data/pred08/390_scribbles_all_00100_a.png,./cellpose_results/data/pred08/390_dino_all_00100_a.png
390,dino,all,1.0,a,21627,227205,2453,203,2250,248832,0.9858056841563786,0.9168354552469136,./cellpose_results/data/pred08/390_img.png,./cellpose_results/data/pred08/390_ground_truth.png,./cellpose_results/data/pred08/390_scribbles_all_01000_a.png,./cellpose_results/data/pred08/390_dino_all_01000_a.png
390,dino,all,1.25,x,21627,227205,26568,1496,25072,248832,10.677083333333332,0.9199942129629629,./cellpose_results/data/pred08/390_img.png,./cellpose_results/data/pred08/390_ground_truth.png,./cellpose_results/data/pred08/390_scribbles_all_01250_x.png,./cellpose_results/data/pred08/390_dino_all_01250_x.png
400,dino,all,0.1,a,14822,68722,75,12,63,83544,0.08977305372019535,0.7722756870631045,./cellpose_results/data/pred08/400_img.png,./cellpose_results/data/pred08/400_ground_truth.png,./cellpose_results/data/pred08/400_scribbles_all_00100_a.png,./cellpose_results/data/pred08/400_dino_all_00100_a.png
400,dino,all,1.0,a,14822,68722,773,101,672,83544,0.9252609403428134,0.8197955568323279,./cellpose_results/data/pred08/400_img.png,./cellpose_results/data/pred08/400_ground_truth.png,./cellpose_results/data/pred08/400_scribbles_all_01000_a.png,./cellpose_results/data/pred08/400_dino_all_01000_a.png
400,dino,all,1.25,x,14822,68722,7982,569,7413,83544,9.55424686392799,0.8222732931150053,./cellpose_results/data/pred08/400_img.png,./cellpose_results/data/pred08/400_ground_truth.png,./cellpose_results/data/pred08/400_scribbles_all_01250_x.png,./cellpose_results/data/pred08/400_dino_all_01250_x.png
410,dino,all,0.1,a,13090,107710,115,12,103,120800,0.09519867549668874,0.8720612582781457,./cellpose_results/data/pred08/410_img.png,./cellpose_results/data/pred08/410_ground_truth.png,./cellpose_results/data/pred08/410_scribbles_all_00100_a.png,./cellpose_results/data/pred08/410_dino_all_00100_a.png
410,dino,all,1.0,a,13090,107710,1193,118,1075,120800,0.9875827814569537,0.8890562913907285,./cellpose_results/data/pred08/410_img.png,./cellpose_results/data/pred08/410_ground_truth.png,./cellpose_results/data/pred08/410_scribbles_all_01000_a.png,./cellpose_results/data/pred08/410_dino_all_01000_a.png
410,dino,all,1.25,x,13090,107710,13927,963,12964,120800,11.528973509933776,0.8949006622516557,./cellpose_results/data/pred08/410_img.png,./cellpose_results/data/pred08/410_ground_truth.png,./cellpose_results/data/pred08/410_scribbles_all_01250_x.png,./cellpose_results/data/pred08/410_dino_all_01250_x.png
420,dino,all,0.1,a,120621,88787,187,111,76,209408,0.08929935819070904,0.8624885391198044,./cellpose_results/data/pred08/420_img.png,./cellpose_results/data/pred08/420_ground_truth.png,./cellpose_results/data/pred08/420_scribbles_all_00100_a.png,./cellpose_results/data/pred08/420_dino_all_00100_a.png
420,dino,all,1.0,a,120621,88787,2057,1189,868,209408,0.9822929400977995,0.8986189639364304,./cellpose_results/data/pred08/420_img.png,./cellpose_results/data/pred08/420_ground_truth.png,./cellpose_results/data/pred08/420_scribbles_all_01000_a.png,./cellpose_results/data/pred08/420_dino_all_01000_a.png
420,dino,all,1.25,x,120621,88787,20546,11711,8835,209408,9.811468520782396,0.8953239608801956,./cellpose_results/data/pred08/420_img.png,./cellpose_results/data/pred08/420_ground_truth.png,./cellpose_results/data/pred08/420_scribbles_all_01250_x.png,./cellpose_results/data/pred08/420_dino_all_01250_x.png
430,dino,all,0.1,a,8371,41875,42,6,36,50246,0.08358874338255781,0.7583091191338615,./cellpose_results/data/pred08/430_img.png,./cellpose_results/data/pred08/430_ground_truth.png,./cellpose_results/data/pred08/430_scribbles_all_00100_a.png,./cellpose_results/data/pred08/430_dino_all_00100_a.png
430,dino,all,1.0,a,8371,41875,486,79,407,50246,0.9672411734267404,0.8108904191378418,./cellpose_results/data/pred08/430_img.png,./cellpose_results/data/pred08/430_ground_truth.png,./cellpose_results/data/pred08/430_scribbles_all_01000_a.png,./cellpose_results/data/pred08/430_dino_all_01000_a.png
430,dino,all,1.25,x,8371,41875,5432,529,4903,50246,10.81081081081081,0.8294590614178243,./cellpose_results/data/pred08/430_img.png,./cellpose_results/data/pred08/430_ground_truth.png,./cellpose_results/data/pred08/430_scribbles_all_01250_x.png,./cellpose_results/data/pred08/430_dino_all_01250_x.png
440,dino,all,0.1,a,118003,140045,237,110,127,258048,0.09184337797619048,0.7498721168154762,./cellpose_results/data/pred08/440_img.png,./cellpose_results/data/pred08/440_ground_truth.png,./cellpose_results/data/pred08/440_scribbles_all_00100_a.png,./cellpose_results/data/pred08/440_dino_all_00100_a.png
440,dino,all,1.0,a,118003,140045,2552,1175,1377,258048,0.9889632936507936,0.7800757998511905,./cellpose_results/data/pred08/440_img.png,./cellpose_results/data/pred08/440_ground_truth.png,./cellpose_results/data/pred08/440_scribbles_all_01000_a.png,./cellpose_results/data/pred08/440_dino_all_01000_a.png
440,dino,all,1.25,x,118003,140045,24756,11047,13709,258048,9.593563988095239,0.7797425285218254,./cellpose_results/data/pred08/440_img.png,./cellpose_results/data/pred08/440_ground_truth.png,./cellpose_results/data/pred08/440_scribbles_all_01250_x.png,./cellpose_results/data/pred08/440_dino_all_01250_x.png
450,dino,all,0.1,a,28592,21758,45,25,20,50350,0.08937437934458789,0.6212512413108242,./cellpose_results/data/pred08/450_img.png,./cellpose_results/data/pred08/450_ground_truth.png,./cellpose_results/data/pred08/450_scribbles_all_00100_a.png,./cellpose_results/data/pred08/450_dino_all_00100_a.png
450,dino,all,1.0,a,28592,21758,490,278,212,50350,0.9731876861966237,0.6877656405163853,./cellpose_results/data/pred08/450_img.png,./cellpose_results/data/pred08/450_ground_truth.png,./cellpose_results/data/pred08/450_scribbles_all_01000_a.png,./cellpose_results/data/pred08/450_dino_all_01000_a.png
450,dino,all,1.25,x,28592,21758,5253,2997,2256,50350,10.432969215491559,0.7020655412115193,./cellpose_results/data/pred08/450_img.png,./cellpose_results/data/pred08/450_ground_truth.png,./cellpose_results/data/pred08/450_scribbles_all_01250_x.png,./cellpose_results/data/pred08/450_dino_all_01250_x.png
460,dino,all,0.1,a,28532,145548,160,19,141,174080,0.09191176470588235,0.8654871323529412,./cellpose_results/data/pred08/460_img.png,./cellpose_results/data/pred08/460_ground_truth.png,./cellpose_results/data/pred08/460_scribbles_all_00100_a.png,./cellpose_results/data/pred08/460_dino_all_00100_a.png
460,dino,all,1.0,a,28532,145548,1721,273,1448,174080,0.988625919117647,0.8716279871323529,./cellpose_results/data/pred08/460_img.png,./cellpose_results/data/pred08/460_ground_truth.png,./cellpose_results/data/pred08/460_scribbles_all_01000_a.png,./cellpose_results/data/pred08/460_dino_all_01000_a.png
460,dino,all,1.25,x,28532,145548,16193,1577,14616,174080,9.302045036764707,0.8718405330882353,./cellpose_results/data/pred08/460_img.png,./cellpose_results/data/pred08/460_ground_truth.png,./cellpose_results/data/pred08/460_scribbles_all_01250_x.png,./cellpose_results/data/pred08/460_dino_all_01250_x.png
470,dino,all,0.1,a,15478,136622,148,15,133,152100,0.09730440499671268,0.9038198553583169,./cellpose_results/data/pred08/470_img.png,./cellpose_results/data/pred08/470_ground_truth.png,./cellpose_results/data/pred08/470_scribbles_all_00100_a.png,./cellpose_results/data/pred08/470_dino_all_00100_a.png
470,dino,all,1.0,a,15478,136622,1506,147,1359,152100,0.9901380670611439,0.9257462195923735,./cellpose_results/data/pred08/470_img.png,./cellpose_results/data/pred08/470_ground_truth.png,./cellpose_results/data/pred08/470_scribbles_all_01000_a.png,./cellpose_results/data/pred08/470_dino_all_01000_a.png
470,dino,all,1.25,x,15478,136622,16547,959,15588,152100,10.879026955950033,0.9298027613412229,./cellpose_results/data/pred08/470_img.png,./cellpose_results/data/pred08/470_ground_truth.png,./cellpose_results/data/pred08/470_scribbles_all_01250_x.png,./cellpose_results/data/pred08/470_dino_all_01250_x.png
480,dino,all,0.1,a,86699,60757,141,84,57,147456,0.09562174479166666,0.6450873480902778,./cellpose_results/data/pred08/480_img.png,./cellpose_results/data/pred08/480_ground_truth.png,./cellpose_results/data/pred08/480_scribbles_all_00100_a.png,./cellpose_results/data/pred08/480_dino_all_00100_a.png
480,dino,all,1.0,a,86699,60757,1450,851,599,147456,0.9833441840277778,0.6931355794270834,./cellpose_results/data/pred08/480_img.png,./cellpose_results/data/pred08/480_ground_truth.png,./cellpose_results/data/pred08/480_scribbles_all_01000_a.png,./cellpose_results/data/pred08/480_dino_all_01000_a.png
480,dino,all,1.25,x,86699,60757,13075,8219,4856,147456,8.867051866319445,0.7181735568576388,./cellpose_results/data/pred08/480_img.png,./cellpose_results/data/pred08/480_ground_truth.png,./cellpose_results/data/pred08/480_scribbles_all_01250_x.png,./cellpose_results/data/pred08/480_dino_all_01250_x.png
490,dino,all,0.1,a,20001,242143,256,18,238,262144,0.09765625,0.9253196716308594,./cellpose_results/data/pred08/490_img.png,./cellpose_results/data/pred08/490_ground_truth.png,./cellpose_results/data/pred08/490_scribbles_all_00100_a.png,./cellpose_results/data/pred08/490_dino_all_00100_a.png
490,dino,all,1.0,a,20001,242143,2594,192,2402,262144,0.989532470703125,0.9266624450683594,./cellpose_results/data/pred08/490_img.png,./cellpose_results/data/pred08/490_ground_truth.png,./cellpose_results/data/pred08/490_scribbles_all_01000_a.png,./cellpose_results/data/pred08/490_dino_all_01000_a.png
490,dino,all,1.25,x,20001,242143,27715,1363,26352,262144,10.572433471679688,0.9256477355957031,./cellpose_results/data/pred08/490_img.png,./cellpose_results/data/pred08/490_ground_truth.png,./cellpose_results/data/pred08/490_scribbles_all_01250_x.png,./cellpose_results/data/pred08/490_dino_all_01250_x.png
500,dino,all,0.1,a,5240,45385,45,3,42,50625,0.08888888888888889,0.8787358024691359,./cellpose_results/data/pred08/500_img.png,./cellpose_results/data/pred08/500_ground_truth.png,./cellpose_results/data/pred08/500_scribbles_all_00100_a.png,./cellpose_results/data/pred08/500_dino_all_00100_a.png
500,dino,all,1.0,a,5240,45385,486,39,447,50625,0.96,0.8729086419753086,./cellpose_results/data/pred08/500_img.png,./cellpose_results/data/pred08/500_ground_truth.png,./cellpose_results/data/pred08/500_scribbles_all_01000_a.png,./cellpose_results/data/pred08/500_dino_all_01000_a.png
500,dino,all,1.25,x,5240,45385,5925,276,5649,50625,11.703703703703704,0.8843654320987654,./cellpose_results/data/pred08/500_img.png,./cellpose_results/data/pred08/500_ground_truth.png,./cellpose_results/data/pred08/500_scribbles_all_01250_x.png,./cellpose_results/data/pred08/500_dino_all_01250_x.png
510,dino,all,0.1,a,32390,142202,159,23,136,174592,0.09106946480938416,0.8559842375366569,./cellpose_results/data/pred08/510_img.png,./cellpose_results/data/pred08/510_ground_truth.png,./cellpose_results/data/pred08/510_scribbles_all_00100_a.png,./cellpose_results/data/pred08/510_dino_all_00100_a.png
510,dino,all,1.0,a,32390,142202,1723,312,1411,174592,0.9868722507331378,0.8529714992668622,./cellpose_results/data/pred08/510_img.png,./cellpose_results/data/pred08/510_ground_truth.png,./cellpose_results/data/pred08/510_scribbles_all_01000_a.png,./cellpose_results/data/pred08/510_dino_all_01000_a.png
510,dino,all,1.25,x,32390,142202,17672,2163,15509,174592,10.121884164222873,0.8487903225806451,./cellpose_results/data/pred08/510_img.png,./cellpose_results/data/pred08/510_ground_truth.png,./cellpose_results/data/pred08/510_scribbles_all_01250_x.png,./cellpose_results/data/pred08/510_dino_all_01250_x.png
520,dino,all,0.1,a,17914,244230,253,15,238,262144,0.0965118408203125,0.9220390319824219,./cellpose_results/data/pred08/520_img.png,./cellpose_results/data/pred08/520_ground_truth.png,./cellpose_results/data/pred08/520_scribbles_all_00100_a.png,./cellpose_results/data/pred08/520_dino_all_00100_a.png
520,dino,all,1.0,a,17914,244230,2580,163,2417,262144,0.98419189453125,0.9206733703613281,./cellpose_results/data/pred08/520_img.png,./cellpose_results/data/pred08/520_ground_truth.png,./cellpose_results/data/pred08/520_scribbles_all_01000_a.png,./cellpose_results/data/pred08/520_dino_all_01000_a.png
520,dino,all,1.25,x,17914,244230,27353,1301,26052,262144,10.434341430664062,0.9291305541992188,./cellpose_results/data/pred08/520_img.png,./cellpose_results/data/pred08/520_ground_truth.png,./cellpose_results/data/pred08/520_scribbles_all_01250_x.png,./cellpose_results/data/pred08/520_dino_all_01250_x.png
530,dino,all,0.1,a,79420,77764,134,69,65,157184,0.08525040716612378,0.8959626934039088,./cellpose_results/data/pred08/530_img.png,./cellpose_results/data/pred08/530_ground_truth.png,./cellpose_results/data/pred08/530_scribbles_all_00100_a.png,./cellpose_results/data/pred08/530_dino_all_00100_a.png
530,dino,all,1.0,a,79420,77764,1548,783,765,157184,0.9848330618892507,0.9170844360749185,./cellpose_results/data/pred08/530_img.png,./cellpose_results/data/pred08/530_ground_truth.png,./cellpose_results/data/pred08/530_scribbles_all_01000_a.png,./cellpose_results/data/pred08/530_dino_all_01000_a.png
530,dino,all,1.25,x,79420,77764,16018,7509,8509,157184,10.190604641693811,0.9167663375407166,./cellpose_results/data/pred08/530_img.png,./cellpose_results/data/pred08/530_ground_truth.png,./cellpose_results/data/pred08/530_scribbles_all_01250_x.png,./cellpose_results/data/pred08/530_dino_all_01250_x.png
