img_num,prediction type,scribbles mode,scribbles bin,suffix,max_class_pix_gt,min_class_pix_gt,pix_labelled,max_class_pix_labelled,min_class_pix_labelled,pix_in_img,perc. labelled,accuracy,scribbles,prediction
0,convpaint_l-0_s-1,all,0.05,w3,73227,29097,349,196259,50,196608,0.17751057942708331,0.7984771728515625,./FoodSeg103_results/data/run02/0000_scribbles_all_00050_w3.png,./FoodSeg103_results/data/run02/0000_convpaint_l-0_s-1_all_00050_w3.png
0,convpaint_l-0_s-1-2,all,0.05,w3,73227,29097,349,196259,50,196608,0.17751057942708331,0.793914794921875,./FoodSeg103_results/data/run02/0000_scribbles_all_00050_w3.png,./FoodSeg103_results/data/run02/0000_convpaint_l-0_s-1-2_all_00050_w3.png
0,convpaint_l-0_s-1-2-4,all,0.05,w3,73227,29097,349,196259,50,196608,0.17751057942708331,0.6164093017578125,./FoodSeg103_results/data/run02/0000_scribbles_all_00050_w3.png,./FoodSeg103_results/data/run02/0000_convpaint_l-0_s-1-2-4_all_00050_w3.png
0,convpaint_l-0_s-1-2-4-8,all,0.05,w3,73227,29097,349,196259,50,196608,0.17751057942708331,0.5923004150390625,./FoodSeg103_results/data/run02/0000_scribbles_all_00050_w3.png,./FoodSeg103_results/data/run02/0000_convpaint_l-0_s-1-2-4-8_all_00050_w3.png
0,convpaint_l-0-2_s-1,all,0.05,w3,73227,29097,349,196259,50,196608,0.17751057942708331,0.6546885172526041,./FoodSeg103_results/data/run02/0000_scribbles_all_00050_w3.png,./FoodSeg103_results/data/run02/0000_convpaint_l-0-2_s-1_all_00050_w3.png
0,convpaint_l-0-2_s-1-2,all,0.05,w3,73227,29097,349,196259,50,196608,0.17751057942708331,0.6328379313151041,./FoodSeg103_results/data/run02/0000_scribbles_all_00050_w3.png,./FoodSeg103_results/data/run02/0000_convpaint_l-0-2_s-1-2_all_00050_w3.png
0,convpaint_l-0-2_s-1-2-4,all,0.05,w3,73227,29097,349,196259,50,196608,0.17751057942708331,0.5963083902994791,./FoodSeg103_results/data/run02/0000_scribbles_all_00050_w3.png,./FoodSeg103_results/data/run02/0000_convpaint_l-0-2_s-1-2-4_all_00050_w3.png
0,convpaint_l-0-2_s-1-2-4-8,all,0.05,w3,73227,29097,349,196259,50,196608,0.17751057942708331,0.5851033528645834,./FoodSeg103_results/data/run02/0000_scribbles_all_00050_w3.png,./FoodSeg103_results/data/run02/0000_convpaint_l-0-2_s-1-2-4-8_all_00050_w3.png
0,ilastik,all,0.05,w3,73227,29097,349,196259,50,196608,0.17751057942708331,0.5076904296875,./FoodSeg103_results/data/run02/0000_scribbles_all_00050_w3.png,./FoodSeg103_results/data/run02/0000_ilastik_all_00050_w3.png
0,dino,all,0.05,w3,73227,29097,349,196259,50,196608,0.17751057942708331,0.8361765543619791,./FoodSeg103_results/data/run02/0000_scribbles_all_00050_w3.png,./FoodSeg103_results/data/run02/0000_dino_all_00050_w3.png
0,convpaint_l-0_s-1,all,0.3,w3,73227,29097,2029,194579,367,196608,1.0320027669270835,0.8921152750651041,./FoodSeg103_results/data/run02/0000_scribbles_all_00300_w3.png,./FoodSeg103_results/data/run02/0000_convpaint_l-0_s-1_all_00300_w3.png
0,convpaint_l-0_s-1-2,all,0.3,w3,73227,29097,2029,194579,367,196608,1.0320027669270835,0.8680623372395834,./FoodSeg103_results/data/run02/0000_scribbles_all_00300_w3.png,./FoodSeg103_results/data/run02/0000_convpaint_l-0_s-1-2_all_00300_w3.png
0,convpaint_l-0_s-1-2-4,all,0.3,w3,73227,29097,2029,194579,367,196608,1.0320027669270835,0.8489939371744791,./FoodSeg103_results/data/run02/0000_scribbles_all_00300_w3.png,./FoodSeg103_results/data/run02/0000_convpaint_l-0_s-1-2-4_all_00300_w3.png
0,convpaint_l-0_s-1-2-4-8,all,0.3,w3,73227,29097,2029,194579,367,196608,1.0320027669270835,0.8508809407552084,./FoodSeg103_results/data/run02/0000_scribbles_all_00300_w3.png,./FoodSeg103_results/data/run02/0000_convpaint_l-0_s-1-2-4-8_all_00300_w3.png
0,convpaint_l-0-2_s-1,all,0.3,w3,73227,29097,2029,194579,367,196608,1.0320027669270835,0.8573150634765625,./FoodSeg103_results/data/run02/0000_scribbles_all_00300_w3.png,./FoodSeg103_results/data/run02/0000_convpaint_l-0-2_s-1_all_00300_w3.png
0,convpaint_l-0-2_s-1-2,all,0.3,w3,73227,29097,2029,194579,367,196608,1.0320027669270835,0.86712646484375,./FoodSeg103_results/data/run02/0000_scribbles_all_00300_w3.png,./FoodSeg103_results/data/run02/0000_convpaint_l-0-2_s-1-2_all_00300_w3.png
0,convpaint_l-0-2_s-1-2-4,all,0.3,w3,73227,29097,2029,194579,367,196608,1.0320027669270835,0.8726806640625,./FoodSeg103_results/data/run02/0000_scribbles_all_00300_w3.png,./FoodSeg103_results/data/run02/0000_convpaint_l-0-2_s-1-2-4_all_00300_w3.png
0,convpaint_l-0-2_s-1-2-4-8,all,0.3,w3,73227,29097,2029,194579,367,196608,1.0320027669270835,0.857421875,./FoodSeg103_results/data/run02/0000_scribbles_all_00300_w3.png,./FoodSeg103_results/data/run02/0000_convpaint_l-0-2_s-1-2-4-8_all_00300_w3.png
0,ilastik,all,0.3,w3,73227,29097,2029,194579,367,196608,1.0320027669270835,0.7770029703776041,./FoodSeg103_results/data/run02/0000_scribbles_all_00300_w3.png,./FoodSeg103_results/data/run02/0000_ilastik_all_00300_w3.png
0,dino,all,0.3,w3,73227,29097,2029,194579,367,196608,1.0320027669270835,0.9227396647135416,./FoodSeg103_results/data/run02/0000_scribbles_all_00300_w3.png,./FoodSeg103_results/data/run02/0000_dino_all_00300_w3.png
0,convpaint_l-0_s-1,all,1.5,w3,73227,29097,10678,185930,1610,196608,5.431111653645834,0.9428151448567709,./FoodSeg103_results/data/run02/0000_scribbles_all_01500_w3.png,./FoodSeg103_results/data/run02/0000_convpaint_l-0_s-1_all_01500_w3.png
0,convpaint_l-0_s-1-2,all,1.5,w3,73227,29097,10678,185930,1610,196608,5.431111653645834,0.9442036946614584,./FoodSeg103_results/data/run02/0000_scribbles_all_01500_w3.png,./FoodSeg103_results/data/run02/0000_convpaint_l-0_s-1-2_all_01500_w3.png
0,convpaint_l-0_s-1-2-4,all,1.5,w3,73227,29097,10678,185930,1610,196608,5.431111653645834,0.9373524983723959,./FoodSeg103_results/data/run02/0000_scribbles_all_01500_w3.png,./FoodSeg103_results/data/run02/0000_convpaint_l-0_s-1-2-4_all_01500_w3.png
0,convpaint_l-0_s-1-2-4-8,all,1.5,w3,73227,29097,10678,185930,1610,196608,5.431111653645834,0.9280344645182291,./FoodSeg103_results/data/run02/0000_scribbles_all_01500_w3.png,./FoodSeg103_results/data/run02/0000_convpaint_l-0_s-1-2-4-8_all_01500_w3.png
0,convpaint_l-0-2_s-1,all,1.5,w3,73227,29097,10678,185930,1610,196608,5.431111653645834,0.94256591796875,./FoodSeg103_results/data/run02/0000_scribbles_all_01500_w3.png,./FoodSeg103_results/data/run02/0000_convpaint_l-0-2_s-1_all_01500_w3.png
0,convpaint_l-0-2_s-1-2,all,1.5,w3,73227,29097,10678,185930,1610,196608,5.431111653645834,0.9403940836588541,./FoodSeg103_results/data/run02/0000_scribbles_all_01500_w3.png,./FoodSeg103_results/data/run02/0000_convpaint_l-0-2_s-1-2_all_01500_w3.png
0,convpaint_l-0-2_s-1-2-4,all,1.5,w3,73227,29097,10678,185930,1610,196608,5.431111653645834,0.9369354248046875,./FoodSeg103_results/data/run02/0000_scribbles_all_01500_w3.png,./FoodSeg103_results/data/run02/0000_convpaint_l-0-2_s-1-2-4_all_01500_w3.png
0,convpaint_l-0-2_s-1-2-4-8,all,1.5,w3,73227,29097,10678,185930,1610,196608,5.431111653645834,0.9186452229817709,./FoodSeg103_results/data/run02/0000_scribbles_all_01500_w3.png,./FoodSeg103_results/data/run02/0000_convpaint_l-0-2_s-1-2-4-8_all_01500_w3.png
0,ilastik,all,1.5,w3,73227,29097,10678,185930,1610,196608,5.431111653645834,0.9346567789713541,./FoodSeg103_results/data/run02/0000_scribbles_all_01500_w3.png,./FoodSeg103_results/data/run02/0000_ilastik_all_01500_w3.png
0,dino,all,1.5,w3,73227,29097,10678,185930,1610,196608,5.431111653645834,0.9631398518880209,./FoodSeg103_results/data/run02/0000_scribbles_all_01500_w3.png,./FoodSeg103_results/data/run02/0000_dino_all_01500_w3.png
1000,convpaint_l-0_s-1,all,0.05,w3,54705,17296,372,196236,32,196608,0.189208984375,0.8077646891276041,./FoodSeg103_results/data/run02/1000_scribbles_all_00050_w3.png,./FoodSeg103_results/data/run02/1000_convpaint_l-0_s-1_all_00050_w3.png
1000,convpaint_l-0_s-1-2,all,0.05,w3,54705,17296,372,196236,32,196608,0.189208984375,0.788848876953125,./FoodSeg103_results/data/run02/1000_scribbles_all_00050_w3.png,./FoodSeg103_results/data/run02/1000_convpaint_l-0_s-1-2_all_00050_w3.png
1000,convpaint_l-0_s-1-2-4,all,0.05,w3,54705,17296,372,196236,32,196608,0.189208984375,0.7280985514322916,./FoodSeg103_results/data/run02/1000_scribbles_all_00050_w3.png,./FoodSeg103_results/data/run02/1000_convpaint_l-0_s-1-2-4_all_00050_w3.png
1000,convpaint_l-0_s-1-2-4-8,all,0.05,w3,54705,17296,372,196236,32,196608,0.189208984375,0.582611083984375,./FoodSeg103_results/data/run02/1000_scribbles_all_00050_w3.png,./FoodSeg103_results/data/run02/1000_convpaint_l-0_s-1-2-4-8_all_00050_w3.png
1000,convpaint_l-0-2_s-1,all,0.05,w3,54705,17296,372,196236,32,196608,0.189208984375,0.7321624755859375,./FoodSeg103_results/data/run02/1000_scribbles_all_00050_w3.png,./FoodSeg103_results/data/run02/1000_convpaint_l-0-2_s-1_all_00050_w3.png
1000,convpaint_l-0-2_s-1-2,all,0.05,w3,54705,17296,372,196236,32,196608,0.189208984375,0.71661376953125,./FoodSeg103_results/data/run02/1000_scribbles_all_00050_w3.png,./FoodSeg103_results/data/run02/1000_convpaint_l-0-2_s-1-2_all_00050_w3.png
1000,convpaint_l-0-2_s-1-2-4,all,0.05,w3,54705,17296,372,196236,32,196608,0.189208984375,0.5595448811848959,./FoodSeg103_results/data/run02/1000_scribbles_all_00050_w3.png,./FoodSeg103_results/data/run02/1000_convpaint_l-0-2_s-1-2-4_all_00050_w3.png
1000,convpaint_l-0-2_s-1-2-4-8,all,0.05,w3,54705,17296,372,196236,32,196608,0.189208984375,0.2821909586588542,./FoodSeg103_results/data/run02/1000_scribbles_all_00050_w3.png,./FoodSeg103_results/data/run02/1000_convpaint_l-0-2_s-1-2-4-8_all_00050_w3.png
1000,ilastik,all,0.05,w3,54705,17296,372,196236,32,196608,0.189208984375,0.603546142578125,./FoodSeg103_results/data/run02/1000_scribbles_all_00050_w3.png,./FoodSeg103_results/data/run02/1000_ilastik_all_00050_w3.png
1000,dino,all,0.05,w3,54705,17296,372,196236,32,196608,0.189208984375,0.928680419921875,./FoodSeg103_results/data/run02/1000_scribbles_all_00050_w3.png,./FoodSeg103_results/data/run02/1000_dino_all_00050_w3.png
1000,convpaint_l-0_s-1,all,0.3,w3,54705,17296,1815,194793,153,196608,0.92315673828125,0.7874247233072916,./FoodSeg103_results/data/run02/1000_scribbles_all_00300_w3.png,./FoodSeg103_results/data/run02/1000_convpaint_l-0_s-1_all_00300_w3.png
1000,convpaint_l-0_s-1-2,all,0.3,w3,54705,17296,1815,194793,153,196608,0.92315673828125,0.778778076171875,./FoodSeg103_results/data/run02/1000_scribbles_all_00300_w3.png,./FoodSeg103_results/data/run02/1000_convpaint_l-0_s-1-2_all_00300_w3.png
1000,convpaint_l-0_s-1-2-4,all,0.3,w3,54705,17296,1815,194793,153,196608,0.92315673828125,0.7839609781901041,./FoodSeg103_results/data/run02/1000_scribbles_all_00300_w3.png,./FoodSeg103_results/data/run02/1000_convpaint_l-0_s-1-2-4_all_00300_w3.png
1000,convpaint_l-0_s-1-2-4-8,all,0.3,w3,54705,17296,1815,194793,153,196608,0.92315673828125,0.7859700520833334,./FoodSeg103_results/data/run02/1000_scribbles_all_00300_w3.png,./FoodSeg103_results/data/run02/1000_convpaint_l-0_s-1-2-4-8_all_00300_w3.png
1000,convpaint_l-0-2_s-1,all,0.3,w3,54705,17296,1815,194793,153,196608,0.92315673828125,0.7859242757161459,./FoodSeg103_results/data/run02/1000_scribbles_all_00300_w3.png,./FoodSeg103_results/data/run02/1000_convpaint_l-0-2_s-1_all_00300_w3.png
1000,convpaint_l-0-2_s-1-2,all,0.3,w3,54705,17296,1815,194793,153,196608,0.92315673828125,0.7829132080078125,./FoodSeg103_results/data/run02/1000_scribbles_all_00300_w3.png,./FoodSeg103_results/data/run02/1000_convpaint_l-0-2_s-1-2_all_00300_w3.png
1000,convpaint_l-0-2_s-1-2-4,all,0.3,w3,54705,17296,1815,194793,153,196608,0.92315673828125,0.7812398274739584,./FoodSeg103_results/data/run02/1000_scribbles_all_00300_w3.png,./FoodSeg103_results/data/run02/1000_convpaint_l-0-2_s-1-2-4_all_00300_w3.png
1000,convpaint_l-0-2_s-1-2-4-8,all,0.3,w3,54705,17296,1815,194793,153,196608,0.92315673828125,0.766387939453125,./FoodSeg103_results/data/run02/1000_scribbles_all_00300_w3.png,./FoodSeg103_results/data/run02/1000_convpaint_l-0-2_s-1-2-4-8_all_00300_w3.png
1000,ilastik,all,0.3,w3,54705,17296,1815,194793,153,196608,0.92315673828125,0.723480224609375,./FoodSeg103_results/data/run02/1000_scribbles_all_00300_w3.png,./FoodSeg103_results/data/run02/1000_ilastik_all_00300_w3.png
1000,dino,all,0.3,w3,54705,17296,1815,194793,153,196608,0.92315673828125,0.8026377360026041,./FoodSeg103_results/data/run02/1000_scribbles_all_00300_w3.png,./FoodSeg103_results/data/run02/1000_dino_all_00300_w3.png
1000,convpaint_l-0_s-1,all,1.5,w3,54705,17296,10292,186316,817,196608,5.234781901041666,0.9218088785807291,./FoodSeg103_results/data/run02/1000_scribbles_all_01500_w3.png,./FoodSeg103_results/data/run02/1000_convpaint_l-0_s-1_all_01500_w3.png
1000,convpaint_l-0_s-1-2,all,1.5,w3,54705,17296,10292,186316,817,196608,5.234781901041666,0.9243570963541666,./FoodSeg103_results/data/run02/1000_scribbles_all_01500_w3.png,./FoodSeg103_results/data/run02/1000_convpaint_l-0_s-1-2_all_01500_w3.png
1000,convpaint_l-0_s-1-2-4,all,1.5,w3,54705,17296,10292,186316,817,196608,5.234781901041666,0.9225565592447916,./FoodSeg103_results/data/run02/1000_scribbles_all_01500_w3.png,./FoodSeg103_results/data/run02/1000_convpaint_l-0_s-1-2-4_all_01500_w3.png
1000,convpaint_l-0_s-1-2-4-8,all,1.5,w3,54705,17296,10292,186316,817,196608,5.234781901041666,0.91595458984375,./FoodSeg103_results/data/run02/1000_scribbles_all_01500_w3.png,./FoodSeg103_results/data/run02/1000_convpaint_l-0_s-1-2-4-8_all_01500_w3.png
1000,convpaint_l-0-2_s-1,all,1.5,w3,54705,17296,10292,186316,817,196608,5.234781901041666,0.9182281494140625,./FoodSeg103_results/data/run02/1000_scribbles_all_01500_w3.png,./FoodSeg103_results/data/run02/1000_convpaint_l-0-2_s-1_all_01500_w3.png
1000,convpaint_l-0-2_s-1-2,all,1.5,w3,54705,17296,10292,186316,817,196608,5.234781901041666,0.9197591145833334,./FoodSeg103_results/data/run02/1000_scribbles_all_01500_w3.png,./FoodSeg103_results/data/run02/1000_convpaint_l-0-2_s-1-2_all_01500_w3.png
1000,convpaint_l-0-2_s-1-2-4,all,1.5,w3,54705,17296,10292,186316,817,196608,5.234781901041666,0.9178568522135416,./FoodSeg103_results/data/run02/1000_scribbles_all_01500_w3.png,./FoodSeg103_results/data/run02/1000_convpaint_l-0-2_s-1-2-4_all_01500_w3.png
1000,convpaint_l-0-2_s-1-2-4-8,all,1.5,w3,54705,17296,10292,186316,817,196608,5.234781901041666,0.9156290690104166,./FoodSeg103_results/data/run02/1000_scribbles_all_01500_w3.png,./FoodSeg103_results/data/run02/1000_convpaint_l-0-2_s-1-2-4-8_all_01500_w3.png
1000,ilastik,all,1.5,w3,54705,17296,10292,186316,817,196608,5.234781901041666,0.9158274332682291,./FoodSeg103_results/data/run02/1000_scribbles_all_01500_w3.png,./FoodSeg103_results/data/run02/1000_ilastik_all_01500_w3.png
1000,dino,all,1.5,w3,54705,17296,10292,186316,817,196608,5.234781901041666,0.9426320393880209,./FoodSeg103_results/data/run02/1000_scribbles_all_01500_w3.png,./FoodSeg103_results/data/run02/1000_dino_all_01500_w3.png
1500,convpaint_l-0_s-1,all,0.05,w3,77608,4269,256,133404,24,133660,0.19153074966332487,0.48265748915157863,./FoodSeg103_results/data/run02/1500_scribbles_all_00050_w3.png,./FoodSeg103_results/data/run02/1500_convpaint_l-0_s-1_all_00050_w3.png
1500,convpaint_l-0_s-1-2,all,0.05,w3,77608,4269,256,133404,24,133660,0.19153074966332487,0.48181954212180156,./FoodSeg103_results/data/run02/1500_scribbles_all_00050_w3.png,./FoodSeg103_results/data/run02/1500_convpaint_l-0_s-1-2_all_00050_w3.png
1500,convpaint_l-0_s-1-2-4,all,0.05,w3,77608,4269,256,133404,24,133660,0.19153074966332487,0.500920245398773,./FoodSeg103_results/data/run02/1500_scribbles_all_00050_w3.png,./FoodSeg103_results/data/run02/1500_convpaint_l-0_s-1-2-4_all_00050_w3.png
1500,convpaint_l-0_s-1-2-4-8,all,0.05,w3,77608,4269,256,133404,24,133660,0.19153074966332487,0.587303606164896,./FoodSeg103_results/data/run02/1500_scribbles_all_00050_w3.png,./FoodSeg103_results/data/run02/1500_convpaint_l-0_s-1-2-4-8_all_00050_w3.png
1500,convpaint_l-0-2_s-1,all,0.05,w3,77608,4269,256,133404,24,133660,0.19153074966332487,0.48954062546760435,./FoodSeg103_results/data/run02/1500_scribbles_all_00050_w3.png,./FoodSeg103_results/data/run02/1500_convpaint_l-0-2_s-1_all_00050_w3.png
1500,convpaint_l-0-2_s-1-2,all,0.05,w3,77608,4269,256,133404,24,133660,0.19153074966332487,0.5784453089929672,./FoodSeg103_results/data/run02/1500_scribbles_all_00050_w3.png,./FoodSeg103_results/data/run02/1500_convpaint_l-0-2_s-1-2_all_00050_w3.png
1500,convpaint_l-0-2_s-1-2-4,all,0.05,w3,77608,4269,256,133404,24,133660,0.19153074966332487,0.5182552745772856,./FoodSeg103_results/data/run02/1500_scribbles_all_00050_w3.png,./FoodSeg103_results/data/run02/1500_convpaint_l-0-2_s-1-2-4_all_00050_w3.png
1500,convpaint_l-0-2_s-1-2-4-8,all,0.05,w3,77608,4269,256,133404,24,133660,0.19153074966332487,0.5792682926829268,./FoodSeg103_results/data/run02/1500_scribbles_all_00050_w3.png,./FoodSeg103_results/data/run02/1500_convpaint_l-0-2_s-1-2-4-8_all_00050_w3.png
1500,ilastik,all,0.05,w3,77608,4269,256,133404,24,133660,0.19153074966332487,0.386383360766123,./FoodSeg103_results/data/run02/1500_scribbles_all_00050_w3.png,./FoodSeg103_results/data/run02/1500_ilastik_all_00050_w3.png
1500,dino,all,0.05,w3,77608,4269,256,133404,24,133660,0.19153074966332487,0.9390318719138112,./FoodSeg103_results/data/run02/1500_scribbles_all_00050_w3.png,./FoodSeg103_results/data/run02/1500_dino_all_00050_w3.png
1500,convpaint_l-0_s-1,all,0.3,w3,77608,4269,1395,132265,62,133660,1.0436929522669458,0.7162801137213826,./FoodSeg103_results/data/run02/1500_scribbles_all_00300_w3.png,./FoodSeg103_results/data/run02/1500_convpaint_l-0_s-1_all_00300_w3.png
1500,convpaint_l-0_s-1-2,all,0.3,w3,77608,4269,1395,132265,62,133660,1.0436929522669458,0.6938201406553943,./FoodSeg103_results/data/run02/1500_scribbles_all_00300_w3.png,./FoodSeg103_results/data/run02/1500_convpaint_l-0_s-1-2_all_00300_w3.png
1500,convpaint_l-0_s-1-2-4,all,0.3,w3,77608,4269,1395,132265,62,133660,1.0436929522669458,0.6726096064641628,./FoodSeg103_results/data/run02/1500_scribbles_all_00300_w3.png,./FoodSeg103_results/data/run02/1500_convpaint_l-0_s-1-2-4_all_00300_w3.png
1500,convpaint_l-0_s-1-2-4-8,all,0.3,w3,77608,4269,1395,132265,62,133660,1.0436929522669458,0.60885081550202,./FoodSeg103_results/data/run02/1500_scribbles_all_00300_w3.png,./FoodSeg103_results/data/run02/1500_convpaint_l-0_s-1-2-4-8_all_00300_w3.png
1500,convpaint_l-0-2_s-1,all,0.3,w3,77608,4269,1395,132265,62,133660,1.0436929522669458,0.6811237468202903,./FoodSeg103_results/data/run02/1500_scribbles_all_00300_w3.png,./FoodSeg103_results/data/run02/1500_convpaint_l-0-2_s-1_all_00300_w3.png
1500,convpaint_l-0-2_s-1-2,all,0.3,w3,77608,4269,1395,132265,62,133660,1.0436929522669458,0.6740161604070029,./FoodSeg103_results/data/run02/1500_scribbles_all_00300_w3.png,./FoodSeg103_results/data/run02/1500_convpaint_l-0-2_s-1-2_all_00300_w3.png
1500,convpaint_l-0-2_s-1-2-4,all,0.3,w3,77608,4269,1395,132265,62,133660,1.0436929522669458,0.6521173125841688,./FoodSeg103_results/data/run02/1500_scribbles_all_00300_w3.png,./FoodSeg103_results/data/run02/1500_convpaint_l-0-2_s-1-2-4_all_00300_w3.png
1500,convpaint_l-0-2_s-1-2-4-8,all,0.3,w3,77608,4269,1395,132265,62,133660,1.0436929522669458,0.5838470746670656,./FoodSeg103_results/data/run02/1500_scribbles_all_00300_w3.png,./FoodSeg103_results/data/run02/1500_convpaint_l-0-2_s-1-2-4-8_all_00300_w3.png
1500,ilastik,all,0.3,w3,77608,4269,1395,132265,62,133660,1.0436929522669458,0.5447927577435283,./FoodSeg103_results/data/run02/1500_scribbles_all_00300_w3.png,./FoodSeg103_results/data/run02/1500_ilastik_all_00300_w3.png
1500,dino,all,0.3,w3,77608,4269,1395,132265,62,133660,1.0436929522669458,0.9552895406254676,./FoodSeg103_results/data/run02/1500_scribbles_all_00300_w3.png,./FoodSeg103_results/data/run02/1500_dino_all_00300_w3.png
1500,convpaint_l-0_s-1,all,1.5,w3,77608,4269,7084,126576,229,133660,5.300014963339818,0.871711806075116,./FoodSeg103_results/data/run02/1500_scribbles_all_01500_w3.png,./FoodSeg103_results/data/run02/1500_convpaint_l-0_s-1_all_01500_w3.png
1500,convpaint_l-0_s-1-2,all,1.5,w3,77608,4269,7084,126576,229,133660,5.300014963339818,0.8565314978303157,./FoodSeg103_results/data/run02/1500_scribbles_all_01500_w3.png,./FoodSeg103_results/data/run02/1500_convpaint_l-0_s-1-2_all_01500_w3.png
1500,convpaint_l-0_s-1-2-4,all,1.5,w3,77608,4269,7084,126576,229,133660,5.300014963339818,0.8436256172377675,./FoodSeg103_results/data/run02/1500_scribbles_all_01500_w3.png,./FoodSeg103_results/data/run02/1500_convpaint_l-0_s-1-2-4_all_01500_w3.png
1500,convpaint_l-0_s-1-2-4-8,all,1.5,w3,77608,4269,7084,126576,229,133660,5.300014963339818,0.8139233877001346,./FoodSeg103_results/data/run02/1500_scribbles_all_01500_w3.png,./FoodSeg103_results/data/run02/1500_convpaint_l-0_s-1-2-4-8_all_01500_w3.png
1500,convpaint_l-0-2_s-1,all,1.5,w3,77608,4269,7084,126576,229,133660,5.300014963339818,0.861072871464911,./FoodSeg103_results/data/run02/1500_scribbles_all_01500_w3.png,./FoodSeg103_results/data/run02/1500_convpaint_l-0-2_s-1_all_01500_w3.png
1500,convpaint_l-0-2_s-1-2,all,1.5,w3,77608,4269,7084,126576,229,133660,5.300014963339818,0.8327397875205745,./FoodSeg103_results/data/run02/1500_scribbles_all_01500_w3.png,./FoodSeg103_results/data/run02/1500_convpaint_l-0-2_s-1-2_all_01500_w3.png
1500,convpaint_l-0-2_s-1-2-4,all,1.5,w3,77608,4269,7084,126576,229,133660,5.300014963339818,0.8277869220409996,./FoodSeg103_results/data/run02/1500_scribbles_all_01500_w3.png,./FoodSeg103_results/data/run02/1500_convpaint_l-0-2_s-1-2-4_all_01500_w3.png
1500,convpaint_l-0-2_s-1-2-4-8,all,1.5,w3,77608,4269,7084,126576,229,133660,5.300014963339818,0.8082223552296872,./FoodSeg103_results/data/run02/1500_scribbles_all_01500_w3.png,./FoodSeg103_results/data/run02/1500_convpaint_l-0-2_s-1-2-4-8_all_01500_w3.png
1500,ilastik,all,1.5,w3,77608,4269,7084,126576,229,133660,5.300014963339818,0.8533966781385606,./FoodSeg103_results/data/run02/1500_scribbles_all_01500_w3.png,./FoodSeg103_results/data/run02/1500_ilastik_all_01500_w3.png
1500,dino,all,1.5,w3,77608,4269,7084,126576,229,133660,5.300014963339818,0.956711057908125,./FoodSeg103_results/data/run02/1500_scribbles_all_01500_w3.png,./FoodSeg103_results/data/run02/1500_dino_all_01500_w3.png
2000,convpaint_l-0_s-1,all,0.05,w3,65459,9910,340,172204,23,172544,0.19705118694362017,0.7079353672106825,./FoodSeg103_results/data/run02/2000_scribbles_all_00050_w3.png,./FoodSeg103_results/data/run02/2000_convpaint_l-0_s-1_all_00050_w3.png
2000,convpaint_l-0_s-1-2,all,0.05,w3,65459,9910,340,172204,23,172544,0.19705118694362017,0.7082077614985163,./FoodSeg103_results/data/run02/2000_scribbles_all_00050_w3.png,./FoodSeg103_results/data/run02/2000_convpaint_l-0_s-1-2_all_00050_w3.png
2000,convpaint_l-0_s-1-2-4,all,0.05,w3,65459,9910,340,172204,23,172544,0.19705118694362017,0.5904754729228486,./FoodSeg103_results/data/run02/2000_scribbles_all_00050_w3.png,./FoodSeg103_results/data/run02/2000_convpaint_l-0_s-1-2-4_all_00050_w3.png
2000,convpaint_l-0_s-1-2-4-8,all,0.05,w3,65459,9910,340,172204,23,172544,0.19705118694362017,0.5918374443620178,./FoodSeg103_results/data/run02/2000_scribbles_all_00050_w3.png,./FoodSeg103_results/data/run02/2000_convpaint_l-0_s-1-2-4-8_all_00050_w3.png
2000,convpaint_l-0-2_s-1,all,0.05,w3,65459,9910,340,172204,23,172544,0.19705118694362017,0.6047790708456974,./FoodSeg103_results/data/run02/2000_scribbles_all_00050_w3.png,./FoodSeg103_results/data/run02/2000_convpaint_l-0-2_s-1_all_00050_w3.png
2000,convpaint_l-0-2_s-1-2,all,0.05,w3,65459,9910,340,172204,23,172544,0.19705118694362017,0.5895539688427299,./FoodSeg103_results/data/run02/2000_scribbles_all_00050_w3.png,./FoodSeg103_results/data/run02/2000_convpaint_l-0-2_s-1-2_all_00050_w3.png
2000,convpaint_l-0-2_s-1-2-4,all,0.05,w3,65459,9910,340,172204,23,172544,0.19705118694362017,0.5765601817507419,./FoodSeg103_results/data/run02/2000_scribbles_all_00050_w3.png,./FoodSeg103_results/data/run02/2000_convpaint_l-0-2_s-1-2-4_all_00050_w3.png
2000,convpaint_l-0-2_s-1-2-4-8,all,0.05,w3,65459,9910,340,172204,23,172544,0.19705118694362017,0.5302299703264095,./FoodSeg103_results/data/run02/2000_scribbles_all_00050_w3.png,./FoodSeg103_results/data/run02/2000_convpaint_l-0-2_s-1-2-4-8_all_00050_w3.png
2000,ilastik,all,0.05,w3,65459,9910,340,172204,23,172544,0.19705118694362017,0.6055382974777448,./FoodSeg103_results/data/run02/2000_scribbles_all_00050_w3.png,./FoodSeg103_results/data/run02/2000_ilastik_all_00050_w3.png
2000,dino,all,0.05,w3,65459,9910,340,172204,23,172544,0.19705118694362017,0.9429362945103857,./FoodSeg103_results/data/run02/2000_scribbles_all_00050_w3.png,./FoodSeg103_results/data/run02/2000_dino_all_00050_w3.png
2000,convpaint_l-0_s-1,all,0.3,w3,65459,9910,1706,170838,101,172544,0.9887333086053413,0.8219816394658753,./FoodSeg103_results/data/run02/2000_scribbles_all_00300_w3.png,./FoodSeg103_results/data/run02/2000_convpaint_l-0_s-1_all_00300_w3.png
2000,convpaint_l-0_s-1-2,all,0.3,w3,65459,9910,1706,170838,101,172544,0.9887333086053413,0.8132882047477745,./FoodSeg103_results/data/run02/2000_scribbles_all_00300_w3.png,./FoodSeg103_results/data/run02/2000_convpaint_l-0_s-1-2_all_00300_w3.png
2000,convpaint_l-0_s-1-2-4,all,0.3,w3,65459,9910,1706,170838,101,172544,0.9887333086053413,0.8095326409495549,./FoodSeg103_results/data/run02/2000_scribbles_all_00300_w3.png,./FoodSeg103_results/data/run02/2000_convpaint_l-0_s-1-2-4_all_00300_w3.png
2000,convpaint_l-0_s-1-2-4-8,all,0.3,w3,65459,9910,1706,170838,101,172544,0.9887333086053413,0.7849302206973294,./FoodSeg103_results/data/run02/2000_scribbles_all_00300_w3.png,./FoodSeg103_results/data/run02/2000_convpaint_l-0_s-1-2-4-8_all_00300_w3.png
2000,convpaint_l-0-2_s-1,all,0.3,w3,65459,9910,1706,170838,101,172544,0.9887333086053413,0.8146443805637982,./FoodSeg103_results/data/run02/2000_scribbles_all_00300_w3.png,./FoodSeg103_results/data/run02/2000_convpaint_l-0-2_s-1_all_00300_w3.png
2000,convpaint_l-0-2_s-1-2,all,0.3,w3,65459,9910,1706,170838,101,172544,0.9887333086053413,0.8074636034866469,./FoodSeg103_results/data/run02/2000_scribbles_all_00300_w3.png,./FoodSeg103_results/data/run02/2000_convpaint_l-0-2_s-1-2_all_00300_w3.png
2000,convpaint_l-0-2_s-1-2-4,all,0.3,w3,65459,9910,1706,170838,101,172544,0.9887333086053413,0.7875150686201781,./FoodSeg103_results/data/run02/2000_scribbles_all_00300_w3.png,./FoodSeg103_results/data/run02/2000_convpaint_l-0-2_s-1-2-4_all_00300_w3.png
2000,convpaint_l-0-2_s-1-2-4-8,all,0.3,w3,65459,9910,1706,170838,101,172544,0.9887333086053413,0.6911628338278932,./FoodSeg103_results/data/run02/2000_scribbles_all_00300_w3.png,./FoodSeg103_results/data/run02/2000_convpaint_l-0-2_s-1-2-4-8_all_00300_w3.png
2000,ilastik,all,0.3,w3,65459,9910,1706,170838,101,172544,0.9887333086053413,0.7843564540059347,./FoodSeg103_results/data/run02/2000_scribbles_all_00300_w3.png,./FoodSeg103_results/data/run02/2000_ilastik_all_00300_w3.png
2000,dino,all,0.3,w3,65459,9910,1706,170838,101,172544,0.9887333086053413,0.9408093008160238,./FoodSeg103_results/data/run02/2000_scribbles_all_00300_w3.png,./FoodSeg103_results/data/run02/2000_dino_all_00300_w3.png
2000,convpaint_l-0_s-1,all,1.5,w3,65459,9910,9421,163123,560,172544,5.460056565281899,0.8380818805637982,./FoodSeg103_results/data/run02/2000_scribbles_all_01500_w3.png,./FoodSeg103_results/data/run02/2000_convpaint_l-0_s-1_all_01500_w3.png
2000,convpaint_l-0_s-1-2,all,1.5,w3,65459,9910,9421,163123,560,172544,5.460056565281899,0.8381862017804155,./FoodSeg103_results/data/run02/2000_scribbles_all_01500_w3.png,./FoodSeg103_results/data/run02/2000_convpaint_l-0_s-1-2_all_01500_w3.png
2000,convpaint_l-0_s-1-2-4,all,1.5,w3,65459,9910,9421,163123,560,172544,5.460056565281899,0.8311039502967359,./FoodSeg103_results/data/run02/2000_scribbles_all_01500_w3.png,./FoodSeg103_results/data/run02/2000_convpaint_l-0_s-1-2-4_all_01500_w3.png
2000,convpaint_l-0_s-1-2-4-8,all,1.5,w3,65459,9910,9421,163123,560,172544,5.460056565281899,0.8262356268545994,./FoodSeg103_results/data/run02/2000_scribbles_all_01500_w3.png,./FoodSeg103_results/data/run02/2000_convpaint_l-0_s-1-2-4-8_all_01500_w3.png
2000,convpaint_l-0-2_s-1,all,1.5,w3,65459,9910,9421,163123,560,172544,5.460056565281899,0.8363142155044511,./FoodSeg103_results/data/run02/2000_scribbles_all_01500_w3.png,./FoodSeg103_results/data/run02/2000_convpaint_l-0-2_s-1_all_01500_w3.png
2000,convpaint_l-0-2_s-1-2,all,1.5,w3,65459,9910,9421,163123,560,172544,5.460056565281899,0.8252677577893175,./FoodSeg103_results/data/run02/2000_scribbles_all_01500_w3.png,./FoodSeg103_results/data/run02/2000_convpaint_l-0-2_s-1-2_all_01500_w3.png
2000,convpaint_l-0-2_s-1-2-4,all,1.5,w3,65459,9910,9421,163123,560,172544,5.460056565281899,0.8275686201780416,./FoodSeg103_results/data/run02/2000_scribbles_all_01500_w3.png,./FoodSeg103_results/data/run02/2000_convpaint_l-0-2_s-1-2-4_all_01500_w3.png
2000,convpaint_l-0-2_s-1-2-4-8,all,1.5,w3,65459,9910,9421,163123,560,172544,5.460056565281899,0.8251402540801187,./FoodSeg103_results/data/run02/2000_scribbles_all_01500_w3.png,./FoodSeg103_results/data/run02/2000_convpaint_l-0-2_s-1-2-4-8_all_01500_w3.png
2000,ilastik,all,1.5,w3,65459,9910,9421,163123,560,172544,5.460056565281899,0.861936665430267,./FoodSeg103_results/data/run02/2000_scribbles_all_01500_w3.png,./FoodSeg103_results/data/run02/2000_ilastik_all_01500_w3.png
2000,dino,all,1.5,w3,65459,9910,9421,163123,560,172544,5.460056565281899,0.9479553041543026,./FoodSeg103_results/data/run02/2000_scribbles_all_01500_w3.png,./FoodSeg103_results/data/run02/2000_dino_all_01500_w3.png
2500,convpaint_l-0_s-1,all,0.05,w3,123607,16487,309,196299,42,196608,0.15716552734375,0.5930989583333334,./FoodSeg103_results/data/run02/2500_scribbles_all_00050_w3.png,./FoodSeg103_results/data/run02/2500_convpaint_l-0_s-1_all_00050_w3.png
2500,convpaint_l-0_s-1-2,all,0.05,w3,123607,16487,309,196299,42,196608,0.15716552734375,0.6063385009765625,./FoodSeg103_results/data/run02/2500_scribbles_all_00050_w3.png,./FoodSeg103_results/data/run02/2500_convpaint_l-0_s-1-2_all_00050_w3.png
2500,convpaint_l-0_s-1-2-4,all,0.05,w3,123607,16487,309,196299,42,196608,0.15716552734375,0.591461181640625,./FoodSeg103_results/data/run02/2500_scribbles_all_00050_w3.png,./FoodSeg103_results/data/run02/2500_convpaint_l-0_s-1-2-4_all_00050_w3.png
2500,convpaint_l-0_s-1-2-4-8,all,0.05,w3,123607,16487,309,196299,42,196608,0.15716552734375,0.6590474446614584,./FoodSeg103_results/data/run02/2500_scribbles_all_00050_w3.png,./FoodSeg103_results/data/run02/2500_convpaint_l-0_s-1-2-4-8_all_00050_w3.png
2500,convpaint_l-0-2_s-1,all,0.05,w3,123607,16487,309,196299,42,196608,0.15716552734375,0.623016357421875,./FoodSeg103_results/data/run02/2500_scribbles_all_00050_w3.png,./FoodSeg103_results/data/run02/2500_convpaint_l-0-2_s-1_all_00050_w3.png
2500,convpaint_l-0-2_s-1-2,all,0.05,w3,123607,16487,309,196299,42,196608,0.15716552734375,0.63055419921875,./FoodSeg103_results/data/run02/2500_scribbles_all_00050_w3.png,./FoodSeg103_results/data/run02/2500_convpaint_l-0-2_s-1-2_all_00050_w3.png
2500,convpaint_l-0-2_s-1-2-4,all,0.05,w3,123607,16487,309,196299,42,196608,0.15716552734375,0.6510162353515625,./FoodSeg103_results/data/run02/2500_scribbles_all_00050_w3.png,./FoodSeg103_results/data/run02/2500_convpaint_l-0-2_s-1-2-4_all_00050_w3.png
2500,convpaint_l-0-2_s-1-2-4-8,all,0.05,w3,123607,16487,309,196299,42,196608,0.15716552734375,0.6345723470052084,./FoodSeg103_results/data/run02/2500_scribbles_all_00050_w3.png,./FoodSeg103_results/data/run02/2500_convpaint_l-0-2_s-1-2-4-8_all_00050_w3.png
2500,ilastik,all,0.05,w3,123607,16487,309,196299,42,196608,0.15716552734375,0.5472005208333334,./FoodSeg103_results/data/run02/2500_scribbles_all_00050_w3.png,./FoodSeg103_results/data/run02/2500_ilastik_all_00050_w3.png
2500,dino,all,0.05,w3,123607,16487,309,196299,42,196608,0.15716552734375,0.9664662679036459,./FoodSeg103_results/data/run02/2500_scribbles_all_00050_w3.png,./FoodSeg103_results/data/run02/2500_dino_all_00050_w3.png
2500,convpaint_l-0_s-1,all,0.3,w3,123607,16487,1947,194661,166,196608,0.99029541015625,0.7880605061848959,./FoodSeg103_results/data/run02/2500_scribbles_all_00300_w3.png,./FoodSeg103_results/data/run02/2500_convpaint_l-0_s-1_all_00300_w3.png
2500,convpaint_l-0_s-1-2,all,0.3,w3,123607,16487,1947,194661,166,196608,0.99029541015625,0.7483062744140625,./FoodSeg103_results/data/run02/2500_scribbles_all_00300_w3.png,./FoodSeg103_results/data/run02/2500_convpaint_l-0_s-1-2_all_00300_w3.png
2500,convpaint_l-0_s-1-2-4,all,0.3,w3,123607,16487,1947,194661,166,196608,0.99029541015625,0.7376047770182291,./FoodSeg103_results/data/run02/2500_scribbles_all_00300_w3.png,./FoodSeg103_results/data/run02/2500_convpaint_l-0_s-1-2-4_all_00300_w3.png
2500,convpaint_l-0_s-1-2-4-8,all,0.3,w3,123607,16487,1947,194661,166,196608,0.99029541015625,0.7229817708333334,./FoodSeg103_results/data/run02/2500_scribbles_all_00300_w3.png,./FoodSeg103_results/data/run02/2500_convpaint_l-0_s-1-2-4-8_all_00300_w3.png
2500,convpaint_l-0-2_s-1,all,0.3,w3,123607,16487,1947,194661,166,196608,0.99029541015625,0.7605489095052084,./FoodSeg103_results/data/run02/2500_scribbles_all_00300_w3.png,./FoodSeg103_results/data/run02/2500_convpaint_l-0-2_s-1_all_00300_w3.png
2500,convpaint_l-0-2_s-1-2,all,0.3,w3,123607,16487,1947,194661,166,196608,0.99029541015625,0.7410329182942709,./FoodSeg103_results/data/run02/2500_scribbles_all_00300_w3.png,./FoodSeg103_results/data/run02/2500_convpaint_l-0-2_s-1-2_all_00300_w3.png
2500,convpaint_l-0-2_s-1-2-4,all,0.3,w3,123607,16487,1947,194661,166,196608,0.99029541015625,0.7155812581380209,./FoodSeg103_results/data/run02/2500_scribbles_all_00300_w3.png,./FoodSeg103_results/data/run02/2500_convpaint_l-0-2_s-1-2-4_all_00300_w3.png
2500,convpaint_l-0-2_s-1-2-4-8,all,0.3,w3,123607,16487,1947,194661,166,196608,0.99029541015625,0.6919453938802084,./FoodSeg103_results/data/run02/2500_scribbles_all_00300_w3.png,./FoodSeg103_results/data/run02/2500_convpaint_l-0-2_s-1-2-4-8_all_00300_w3.png
2500,ilastik,all,0.3,w3,123607,16487,1947,194661,166,196608,0.99029541015625,0.72552490234375,./FoodSeg103_results/data/run02/2500_scribbles_all_00300_w3.png,./FoodSeg103_results/data/run02/2500_ilastik_all_00300_w3.png
2500,dino,all,0.3,w3,123607,16487,1947,194661,166,196608,0.99029541015625,0.9676157633463541,./FoodSeg103_results/data/run02/2500_scribbles_all_00300_w3.png,./FoodSeg103_results/data/run02/2500_dino_all_00300_w3.png
2500,convpaint_l-0_s-1,all,1.5,w3,123607,16487,9792,186816,760,196608,4.98046875,0.8904469807942709,./FoodSeg103_results/data/run02/2500_scribbles_all_01500_w3.png,./FoodSeg103_results/data/run02/2500_convpaint_l-0_s-1_all_01500_w3.png
2500,convpaint_l-0_s-1-2,all,1.5,w3,123607,16487,9792,186816,760,196608,4.98046875,0.8982086181640625,./FoodSeg103_results/data/run02/2500_scribbles_all_01500_w3.png,./FoodSeg103_results/data/run02/2500_convpaint_l-0_s-1-2_all_01500_w3.png
2500,convpaint_l-0_s-1-2-4,all,1.5,w3,123607,16487,9792,186816,760,196608,4.98046875,0.8846588134765625,./FoodSeg103_results/data/run02/2500_scribbles_all_01500_w3.png,./FoodSeg103_results/data/run02/2500_convpaint_l-0_s-1-2-4_all_01500_w3.png
2500,convpaint_l-0_s-1-2-4-8,all,1.5,w3,123607,16487,9792,186816,760,196608,4.98046875,0.8301747639973959,./FoodSeg103_results/data/run02/2500_scribbles_all_01500_w3.png,./FoodSeg103_results/data/run02/2500_convpaint_l-0_s-1-2-4-8_all_01500_w3.png
2500,convpaint_l-0-2_s-1,all,1.5,w3,123607,16487,9792,186816,760,196608,4.98046875,0.9074808756510416,./FoodSeg103_results/data/run02/2500_scribbles_all_01500_w3.png,./FoodSeg103_results/data/run02/2500_convpaint_l-0-2_s-1_all_01500_w3.png
2500,convpaint_l-0-2_s-1-2,all,1.5,w3,123607,16487,9792,186816,760,196608,4.98046875,0.8936767578125,./FoodSeg103_results/data/run02/2500_scribbles_all_01500_w3.png,./FoodSeg103_results/data/run02/2500_convpaint_l-0-2_s-1-2_all_01500_w3.png
2500,convpaint_l-0-2_s-1-2-4,all,1.5,w3,123607,16487,9792,186816,760,196608,4.98046875,0.8692677815755209,./FoodSeg103_results/data/run02/2500_scribbles_all_01500_w3.png,./FoodSeg103_results/data/run02/2500_convpaint_l-0-2_s-1-2-4_all_01500_w3.png
2500,convpaint_l-0-2_s-1-2-4-8,all,1.5,w3,123607,16487,9792,186816,760,196608,4.98046875,0.8336690266927084,./FoodSeg103_results/data/run02/2500_scribbles_all_01500_w3.png,./FoodSeg103_results/data/run02/2500_convpaint_l-0-2_s-1-2-4-8_all_01500_w3.png
2500,ilastik,all,1.5,w3,123607,16487,9792,186816,760,196608,4.98046875,0.9129282633463541,./FoodSeg103_results/data/run02/2500_scribbles_all_01500_w3.png,./FoodSeg103_results/data/run02/2500_ilastik_all_01500_w3.png
2500,dino,all,1.5,w3,123607,16487,9792,186816,760,196608,4.98046875,0.9815622965494791,./FoodSeg103_results/data/run02/2500_scribbles_all_01500_w3.png,./FoodSeg103_results/data/run02/2500_dino_all_01500_w3.png
3000,convpaint_l-0_s-1,all,0.05,w3,104975,6515,376,173704,27,174080,0.21599264705882354,0.6921357996323529,./FoodSeg103_results/data/run02/3000_scribbles_all_00050_w3.png,./FoodSeg103_results/data/run02/3000_convpaint_l-0_s-1_all_00050_w3.png
3000,convpaint_l-0_s-1-2,all,0.05,w3,104975,6515,376,173704,27,174080,0.21599264705882354,0.6794806985294117,./FoodSeg103_results/data/run02/3000_scribbles_all_00050_w3.png,./FoodSeg103_results/data/run02/3000_convpaint_l-0_s-1-2_all_00050_w3.png
3000,convpaint_l-0_s-1-2-4,all,0.05,w3,104975,6515,376,173704,27,174080,0.21599264705882354,0.6920094209558824,./FoodSeg103_results/data/run02/3000_scribbles_all_00050_w3.png,./FoodSeg103_results/data/run02/3000_convpaint_l-0_s-1-2-4_all_00050_w3.png
3000,convpaint_l-0_s-1-2-4-8,all,0.05,w3,104975,6515,376,173704,27,174080,0.21599264705882354,0.6945082720588235,./FoodSeg103_results/data/run02/3000_scribbles_all_00050_w3.png,./FoodSeg103_results/data/run02/3000_convpaint_l-0_s-1-2-4-8_all_00050_w3.png
3000,convpaint_l-0-2_s-1,all,0.05,w3,104975,6515,376,173704,27,174080,0.21599264705882354,0.6595071231617647,./FoodSeg103_results/data/run02/3000_scribbles_all_00050_w3.png,./FoodSeg103_results/data/run02/3000_convpaint_l-0-2_s-1_all_00050_w3.png
3000,convpaint_l-0-2_s-1-2,all,0.05,w3,104975,6515,376,173704,27,174080,0.21599264705882354,0.6522748161764705,./FoodSeg103_results/data/run02/3000_scribbles_all_00050_w3.png,./FoodSeg103_results/data/run02/3000_convpaint_l-0-2_s-1-2_all_00050_w3.png
3000,convpaint_l-0-2_s-1-2-4,all,0.05,w3,104975,6515,376,173704,27,174080,0.21599264705882354,0.6376953125,./FoodSeg103_results/data/run02/3000_scribbles_all_00050_w3.png,./FoodSeg103_results/data/run02/3000_convpaint_l-0-2_s-1-2-4_all_00050_w3.png
3000,convpaint_l-0-2_s-1-2-4-8,all,0.05,w3,104975,6515,376,173704,27,174080,0.21599264705882354,0.6099551930147059,./FoodSeg103_results/data/run02/3000_scribbles_all_00050_w3.png,./FoodSeg103_results/data/run02/3000_convpaint_l-0-2_s-1-2-4-8_all_00050_w3.png
3000,ilastik,all,0.05,w3,104975,6515,376,173704,27,174080,0.21599264705882354,0.5479434742647059,./FoodSeg103_results/data/run02/3000_scribbles_all_00050_w3.png,./FoodSeg103_results/data/run02/3000_ilastik_all_00050_w3.png
3000,dino,all,0.05,w3,104975,6515,376,173704,27,174080,0.21599264705882354,0.9163373161764706,./FoodSeg103_results/data/run02/3000_scribbles_all_00050_w3.png,./FoodSeg103_results/data/run02/3000_dino_all_00050_w3.png
3000,convpaint_l-0_s-1,all,0.3,w3,104975,6515,1833,172247,79,174080,1.0529641544117647,0.748971737132353,./FoodSeg103_results/data/run02/3000_scribbles_all_00300_w3.png,./FoodSeg103_results/data/run02/3000_convpaint_l-0_s-1_all_00300_w3.png
3000,convpaint_l-0_s-1-2,all,0.3,w3,104975,6515,1833,172247,79,174080,1.0529641544117647,0.7553021599264705,./FoodSeg103_results/data/run02/3000_scribbles_all_00300_w3.png,./FoodSeg103_results/data/run02/3000_convpaint_l-0_s-1-2_all_00300_w3.png
3000,convpaint_l-0_s-1-2-4,all,0.3,w3,104975,6515,1833,172247,79,174080,1.0529641544117647,0.68330078125,./FoodSeg103_results/data/run02/3000_scribbles_all_00300_w3.png,./FoodSeg103_results/data/run02/3000_convpaint_l-0_s-1-2-4_all_00300_w3.png
3000,convpaint_l-0_s-1-2-4-8,all,0.3,w3,104975,6515,1833,172247,79,174080,1.0529641544117647,0.6895105698529411,./FoodSeg103_results/data/run02/3000_scribbles_all_00300_w3.png,./FoodSeg103_results/data/run02/3000_convpaint_l-0_s-1-2-4-8_all_00300_w3.png
3000,convpaint_l-0-2_s-1,all,0.3,w3,104975,6515,1833,172247,79,174080,1.0529641544117647,0.7412741268382353,./FoodSeg103_results/data/run02/3000_scribbles_all_00300_w3.png,./FoodSeg103_results/data/run02/3000_convpaint_l-0-2_s-1_all_00300_w3.png
3000,convpaint_l-0-2_s-1-2,all,0.3,w3,104975,6515,1833,172247,79,174080,1.0529641544117647,0.7177389705882353,./FoodSeg103_results/data/run02/3000_scribbles_all_00300_w3.png,./FoodSeg103_results/data/run02/3000_convpaint_l-0-2_s-1-2_all_00300_w3.png
3000,convpaint_l-0-2_s-1-2-4,all,0.3,w3,104975,6515,1833,172247,79,174080,1.0529641544117647,0.6899988511029411,./FoodSeg103_results/data/run02/3000_scribbles_all_00300_w3.png,./FoodSeg103_results/data/run02/3000_convpaint_l-0-2_s-1-2-4_all_00300_w3.png
3000,convpaint_l-0-2_s-1-2-4-8,all,0.3,w3,104975,6515,1833,172247,79,174080,1.0529641544117647,0.6598115808823529,./FoodSeg103_results/data/run02/3000_scribbles_all_00300_w3.png,./FoodSeg103_results/data/run02/3000_convpaint_l-0-2_s-1-2-4-8_all_00300_w3.png
3000,ilastik,all,0.3,w3,104975,6515,1833,172247,79,174080,1.0529641544117647,0.6978515625,./FoodSeg103_results/data/run02/3000_scribbles_all_00300_w3.png,./FoodSeg103_results/data/run02/3000_ilastik_all_00300_w3.png
3000,dino,all,0.3,w3,104975,6515,1833,172247,79,174080,1.0529641544117647,0.9087660845588236,./FoodSeg103_results/data/run02/3000_scribbles_all_00300_w3.png,./FoodSeg103_results/data/run02/3000_dino_all_00300_w3.png
3000,convpaint_l-0_s-1,all,1.5,w3,104975,6515,9252,164828,283,174080,5.314797794117647,0.8788660386029412,./FoodSeg103_results/data/run02/3000_scribbles_all_01500_w3.png,./FoodSeg103_results/data/run02/3000_convpaint_l-0_s-1_all_01500_w3.png
3000,convpaint_l-0_s-1-2,all,1.5,w3,104975,6515,9252,164828,283,174080,5.314797794117647,0.874460018382353,./FoodSeg103_results/data/run02/3000_scribbles_all_01500_w3.png,./FoodSeg103_results/data/run02/3000_convpaint_l-0_s-1-2_all_01500_w3.png
3000,convpaint_l-0_s-1-2-4,all,1.5,w3,104975,6515,9252,164828,283,174080,5.314797794117647,0.8466164981617647,./FoodSeg103_results/data/run02/3000_scribbles_all_01500_w3.png,./FoodSeg103_results/data/run02/3000_convpaint_l-0_s-1-2-4_all_01500_w3.png
3000,convpaint_l-0_s-1-2-4-8,all,1.5,w3,104975,6515,9252,164828,283,174080,5.314797794117647,0.8163258272058823,./FoodSeg103_results/data/run02/3000_scribbles_all_01500_w3.png,./FoodSeg103_results/data/run02/3000_convpaint_l-0_s-1-2-4-8_all_01500_w3.png
3000,convpaint_l-0-2_s-1,all,1.5,w3,104975,6515,9252,164828,283,174080,5.314797794117647,0.8710765165441177,./FoodSeg103_results/data/run02/3000_scribbles_all_01500_w3.png,./FoodSeg103_results/data/run02/3000_convpaint_l-0-2_s-1_all_01500_w3.png
3000,convpaint_l-0-2_s-1-2,all,1.5,w3,104975,6515,9252,164828,283,174080,5.314797794117647,0.8448816636029411,./FoodSeg103_results/data/run02/3000_scribbles_all_01500_w3.png,./FoodSeg103_results/data/run02/3000_convpaint_l-0-2_s-1-2_all_01500_w3.png
3000,convpaint_l-0-2_s-1-2-4,all,1.5,w3,104975,6515,9252,164828,283,174080,5.314797794117647,0.82646484375,./FoodSeg103_results/data/run02/3000_scribbles_all_01500_w3.png,./FoodSeg103_results/data/run02/3000_convpaint_l-0-2_s-1-2-4_all_01500_w3.png
3000,convpaint_l-0-2_s-1-2-4-8,all,1.5,w3,104975,6515,9252,164828,283,174080,5.314797794117647,0.8014246323529411,./FoodSeg103_results/data/run02/3000_scribbles_all_01500_w3.png,./FoodSeg103_results/data/run02/3000_convpaint_l-0-2_s-1-2-4-8_all_01500_w3.png
3000,ilastik,all,1.5,w3,104975,6515,9252,164828,283,174080,5.314797794117647,0.8427964154411764,./FoodSeg103_results/data/run02/3000_scribbles_all_01500_w3.png,./FoodSeg103_results/data/run02/3000_ilastik_all_01500_w3.png
3000,dino,all,1.5,w3,104975,6515,9252,164828,283,174080,5.314797794117647,0.9518784466911765,./FoodSeg103_results/data/run02/3000_scribbles_all_01500_w3.png,./FoodSeg103_results/data/run02/3000_dino_all_01500_w3.png
3500,convpaint_l-0_s-1,all,0.05,w3,63534,17879,349,196259,26,196608,0.17751057942708331,0.541534423828125,./FoodSeg103_results/data/run02/3500_scribbles_all_00050_w3.png,./FoodSeg103_results/data/run02/3500_convpaint_l-0_s-1_all_00050_w3.png
3500,convpaint_l-0_s-1-2,all,0.05,w3,63534,17879,349,196259,26,196608,0.17751057942708331,0.549652099609375,./FoodSeg103_results/data/run02/3500_scribbles_all_00050_w3.png,./FoodSeg103_results/data/run02/3500_convpaint_l-0_s-1-2_all_00050_w3.png
3500,convpaint_l-0_s-1-2-4,all,0.05,w3,63534,17879,349,196259,26,196608,0.17751057942708331,0.5135548909505209,./FoodSeg103_results/data/run02/3500_scribbles_all_00050_w3.png,./FoodSeg103_results/data/run02/3500_convpaint_l-0_s-1-2-4_all_00050_w3.png
3500,convpaint_l-0_s-1-2-4-8,all,0.05,w3,63534,17879,349,196259,26,196608,0.17751057942708331,0.4764658610026042,./FoodSeg103_results/data/run02/3500_scribbles_all_00050_w3.png,./FoodSeg103_results/data/run02/3500_convpaint_l-0_s-1-2-4-8_all_00050_w3.png
3500,convpaint_l-0-2_s-1,all,0.05,w3,63534,17879,349,196259,26,196608,0.17751057942708331,0.5400339762369791,./FoodSeg103_results/data/run02/3500_scribbles_all_00050_w3.png,./FoodSeg103_results/data/run02/3500_convpaint_l-0-2_s-1_all_00050_w3.png
3500,convpaint_l-0-2_s-1-2,all,0.05,w3,63534,17879,349,196259,26,196608,0.17751057942708331,0.5096944173177084,./FoodSeg103_results/data/run02/3500_scribbles_all_00050_w3.png,./FoodSeg103_results/data/run02/3500_convpaint_l-0-2_s-1-2_all_00050_w3.png
3500,convpaint_l-0-2_s-1-2-4,all,0.05,w3,63534,17879,349,196259,26,196608,0.17751057942708331,0.340545654296875,./FoodSeg103_results/data/run02/3500_scribbles_all_00050_w3.png,./FoodSeg103_results/data/run02/3500_convpaint_l-0-2_s-1-2-4_all_00050_w3.png
3500,convpaint_l-0-2_s-1-2-4-8,all,0.05,w3,63534,17879,349,196259,26,196608,0.17751057942708331,0.3503163655598958,./FoodSeg103_results/data/run02/3500_scribbles_all_00050_w3.png,./FoodSeg103_results/data/run02/3500_convpaint_l-0-2_s-1-2-4-8_all_00050_w3.png
3500,ilastik,all,0.05,w3,63534,17879,349,196259,26,196608,0.17751057942708331,0.24614461263020834,./FoodSeg103_results/data/run02/3500_scribbles_all_00050_w3.png,./FoodSeg103_results/data/run02/3500_ilastik_all_00050_w3.png
3500,dino,all,0.05,w3,63534,17879,349,196259,26,196608,0.17751057942708331,0.5742594401041666,./FoodSeg103_results/data/run02/3500_scribbles_all_00050_w3.png,./FoodSeg103_results/data/run02/3500_dino_all_00050_w3.png
3500,convpaint_l-0_s-1,all,0.3,w3,63534,17879,2045,194563,146,196608,1.0401407877604165,0.6159413655598959,./FoodSeg103_results/data/run02/3500_scribbles_all_00300_w3.png,./FoodSeg103_results/data/run02/3500_convpaint_l-0_s-1_all_00300_w3.png
3500,convpaint_l-0_s-1-2,all,0.3,w3,63534,17879,2045,194563,146,196608,1.0401407877604165,0.6161855061848959,./FoodSeg103_results/data/run02/3500_scribbles_all_00300_w3.png,./FoodSeg103_results/data/run02/3500_convpaint_l-0_s-1-2_all_00300_w3.png
3500,convpaint_l-0_s-1-2-4,all,0.3,w3,63534,17879,2045,194563,146,196608,1.0401407877604165,0.6239878336588541,./FoodSeg103_results/data/run02/3500_scribbles_all_00300_w3.png,./FoodSeg103_results/data/run02/3500_convpaint_l-0_s-1-2-4_all_00300_w3.png
3500,convpaint_l-0_s-1-2-4-8,all,0.3,w3,63534,17879,2045,194563,146,196608,1.0401407877604165,0.6084187825520834,./FoodSeg103_results/data/run02/3500_scribbles_all_00300_w3.png,./FoodSeg103_results/data/run02/3500_convpaint_l-0_s-1-2-4-8_all_00300_w3.png
3500,convpaint_l-0-2_s-1,all,0.3,w3,63534,17879,2045,194563,146,196608,1.0401407877604165,0.6253763834635416,./FoodSeg103_results/data/run02/3500_scribbles_all_00300_w3.png,./FoodSeg103_results/data/run02/3500_convpaint_l-0-2_s-1_all_00300_w3.png
3500,convpaint_l-0-2_s-1-2,all,0.3,w3,63534,17879,2045,194563,146,196608,1.0401407877604165,0.6126963297526041,./FoodSeg103_results/data/run02/3500_scribbles_all_00300_w3.png,./FoodSeg103_results/data/run02/3500_convpaint_l-0-2_s-1-2_all_00300_w3.png
3500,convpaint_l-0-2_s-1-2-4,all,0.3,w3,63534,17879,2045,194563,146,196608,1.0401407877604165,0.5885874430338541,./FoodSeg103_results/data/run02/3500_scribbles_all_00300_w3.png,./FoodSeg103_results/data/run02/3500_convpaint_l-0-2_s-1-2-4_all_00300_w3.png
3500,convpaint_l-0-2_s-1-2-4-8,all,0.3,w3,63534,17879,2045,194563,146,196608,1.0401407877604165,0.5059000651041666,./FoodSeg103_results/data/run02/3500_scribbles_all_00300_w3.png,./FoodSeg103_results/data/run02/3500_convpaint_l-0-2_s-1-2-4-8_all_00300_w3.png
3500,ilastik,all,0.3,w3,63534,17879,2045,194563,146,196608,1.0401407877604165,0.4990793863932292,./FoodSeg103_results/data/run02/3500_scribbles_all_00300_w3.png,./FoodSeg103_results/data/run02/3500_ilastik_all_00300_w3.png
3500,dino,all,0.3,w3,63534,17879,2045,194563,146,196608,1.0401407877604165,0.8742218017578125,./FoodSeg103_results/data/run02/3500_scribbles_all_00300_w3.png,./FoodSeg103_results/data/run02/3500_dino_all_00300_w3.png
3500,convpaint_l-0_s-1,all,1.5,w3,63534,17879,10813,185795,901,196608,5.499776204427084,0.8177439371744791,./FoodSeg103_results/data/run02/3500_scribbles_all_01500_w3.png,./FoodSeg103_results/data/run02/3500_convpaint_l-0_s-1_all_01500_w3.png
3500,convpaint_l-0_s-1-2,all,1.5,w3,63534,17879,10813,185795,901,196608,5.499776204427084,0.8138071695963541,./FoodSeg103_results/data/run02/3500_scribbles_all_01500_w3.png,./FoodSeg103_results/data/run02/3500_convpaint_l-0_s-1-2_all_01500_w3.png
3500,convpaint_l-0_s-1-2-4,all,1.5,w3,63534,17879,10813,185795,901,196608,5.499776204427084,0.8008015950520834,./FoodSeg103_results/data/run02/3500_scribbles_all_01500_w3.png,./FoodSeg103_results/data/run02/3500_convpaint_l-0_s-1-2-4_all_01500_w3.png
3500,convpaint_l-0_s-1-2-4-8,all,1.5,w3,63534,17879,10813,185795,901,196608,5.499776204427084,0.7784678141276041,./FoodSeg103_results/data/run02/3500_scribbles_all_01500_w3.png,./FoodSeg103_results/data/run02/3500_convpaint_l-0_s-1-2-4-8_all_01500_w3.png
3500,convpaint_l-0-2_s-1,all,1.5,w3,63534,17879,10813,185795,901,196608,5.499776204427084,0.8101450602213541,./FoodSeg103_results/data/run02/3500_scribbles_all_01500_w3.png,./FoodSeg103_results/data/run02/3500_convpaint_l-0-2_s-1_all_01500_w3.png
3500,convpaint_l-0-2_s-1-2,all,1.5,w3,63534,17879,10813,185795,901,196608,5.499776204427084,0.7938944498697916,./FoodSeg103_results/data/run02/3500_scribbles_all_01500_w3.png,./FoodSeg103_results/data/run02/3500_convpaint_l-0-2_s-1-2_all_01500_w3.png
3500,convpaint_l-0-2_s-1-2-4,all,1.5,w3,63534,17879,10813,185795,901,196608,5.499776204427084,0.7779744466145834,./FoodSeg103_results/data/run02/3500_scribbles_all_01500_w3.png,./FoodSeg103_results/data/run02/3500_convpaint_l-0-2_s-1-2-4_all_01500_w3.png
3500,convpaint_l-0-2_s-1-2-4-8,all,1.5,w3,63534,17879,10813,185795,901,196608,5.499776204427084,0.7405242919921875,./FoodSeg103_results/data/run02/3500_scribbles_all_01500_w3.png,./FoodSeg103_results/data/run02/3500_convpaint_l-0-2_s-1-2-4-8_all_01500_w3.png
3500,ilastik,all,1.5,w3,63534,17879,10813,185795,901,196608,5.499776204427084,0.7818959554036459,./FoodSeg103_results/data/run02/3500_scribbles_all_01500_w3.png,./FoodSeg103_results/data/run02/3500_ilastik_all_01500_w3.png
3500,dino,all,1.5,w3,63534,17879,10813,185795,901,196608,5.499776204427084,0.9205729166666666,./FoodSeg103_results/data/run02/3500_scribbles_all_01500_w3.png,./FoodSeg103_results/data/run02/3500_dino_all_01500_w3.png
4000,convpaint_l-0_s-1,all,0.05,w3,86011,27030,378,196230,65,196608,0.1922607421875,0.7087656656901041,./FoodSeg103_results/data/run02/4000_scribbles_all_00050_w3.png,./FoodSeg103_results/data/run02/4000_convpaint_l-0_s-1_all_00050_w3.png
4000,convpaint_l-0_s-1-2,all,0.05,w3,86011,27030,378,196230,65,196608,0.1922607421875,0.7049204508463541,./FoodSeg103_results/data/run02/4000_scribbles_all_00050_w3.png,./FoodSeg103_results/data/run02/4000_convpaint_l-0_s-1-2_all_00050_w3.png
4000,convpaint_l-0_s-1-2-4,all,0.05,w3,86011,27030,378,196230,65,196608,0.1922607421875,0.6877797444661459,./FoodSeg103_results/data/run02/4000_scribbles_all_00050_w3.png,./FoodSeg103_results/data/run02/4000_convpaint_l-0_s-1-2-4_all_00050_w3.png
4000,convpaint_l-0_s-1-2-4-8,all,0.05,w3,86011,27030,378,196230,65,196608,0.1922607421875,0.5662892659505209,./FoodSeg103_results/data/run02/4000_scribbles_all_00050_w3.png,./FoodSeg103_results/data/run02/4000_convpaint_l-0_s-1-2-4-8_all_00050_w3.png
4000,convpaint_l-0-2_s-1,all,0.05,w3,86011,27030,378,196230,65,196608,0.1922607421875,0.716796875,./FoodSeg103_results/data/run02/4000_scribbles_all_00050_w3.png,./FoodSeg103_results/data/run02/4000_convpaint_l-0-2_s-1_all_00050_w3.png
4000,convpaint_l-0-2_s-1-2,all,0.05,w3,86011,27030,378,196230,65,196608,0.1922607421875,0.7361806233723959,./FoodSeg103_results/data/run02/4000_scribbles_all_00050_w3.png,./FoodSeg103_results/data/run02/4000_convpaint_l-0-2_s-1-2_all_00050_w3.png
4000,convpaint_l-0-2_s-1-2-4,all,0.05,w3,86011,27030,378,196230,65,196608,0.1922607421875,0.7368418375651041,./FoodSeg103_results/data/run02/4000_scribbles_all_00050_w3.png,./FoodSeg103_results/data/run02/4000_convpaint_l-0-2_s-1-2-4_all_00050_w3.png
4000,convpaint_l-0-2_s-1-2-4-8,all,0.05,w3,86011,27030,378,196230,65,196608,0.1922607421875,0.6061045328776041,./FoodSeg103_results/data/run02/4000_scribbles_all_00050_w3.png,./FoodSeg103_results/data/run02/4000_convpaint_l-0-2_s-1-2-4-8_all_00050_w3.png
4000,ilastik,all,0.05,w3,86011,27030,378,196230,65,196608,0.1922607421875,0.6454111735026041,./FoodSeg103_results/data/run02/4000_scribbles_all_00050_w3.png,./FoodSeg103_results/data/run02/4000_ilastik_all_00050_w3.png
4000,dino,all,0.05,w3,86011,27030,378,196230,65,196608,0.1922607421875,0.9263356526692709,./FoodSeg103_results/data/run02/4000_scribbles_all_00050_w3.png,./FoodSeg103_results/data/run02/4000_dino_all_00050_w3.png
4000,convpaint_l-0_s-1,all,0.3,w3,86011,27030,1999,194609,301,196608,1.0167439778645835,0.8347117106119791,./FoodSeg103_results/data/run02/4000_scribbles_all_00300_w3.png,./FoodSeg103_results/data/run02/4000_convpaint_l-0_s-1_all_00300_w3.png
4000,convpaint_l-0_s-1-2,all,0.3,w3,86011,27030,1999,194609,301,196608,1.0167439778645835,0.8031260172526041,./FoodSeg103_results/data/run02/4000_scribbles_all_00300_w3.png,./FoodSeg103_results/data/run02/4000_convpaint_l-0_s-1-2_all_00300_w3.png
4000,convpaint_l-0_s-1-2-4,all,0.3,w3,86011,27030,1999,194609,301,196608,1.0167439778645835,0.7809651692708334,./FoodSeg103_results/data/run02/4000_scribbles_all_00300_w3.png,./FoodSeg103_results/data/run02/4000_convpaint_l-0_s-1-2-4_all_00300_w3.png
4000,convpaint_l-0_s-1-2-4-8,all,0.3,w3,86011,27030,1999,194609,301,196608,1.0167439778645835,0.7612711588541666,./FoodSeg103_results/data/run02/4000_scribbles_all_00300_w3.png,./FoodSeg103_results/data/run02/4000_convpaint_l-0_s-1-2-4-8_all_00300_w3.png
4000,convpaint_l-0-2_s-1,all,0.3,w3,86011,27030,1999,194609,301,196608,1.0167439778645835,0.8230997721354166,./FoodSeg103_results/data/run02/4000_scribbles_all_00300_w3.png,./FoodSeg103_results/data/run02/4000_convpaint_l-0-2_s-1_all_00300_w3.png
4000,convpaint_l-0-2_s-1-2,all,0.3,w3,86011,27030,1999,194609,301,196608,1.0167439778645835,0.7978566487630209,./FoodSeg103_results/data/run02/4000_scribbles_all_00300_w3.png,./FoodSeg103_results/data/run02/4000_convpaint_l-0-2_s-1-2_all_00300_w3.png
4000,convpaint_l-0-2_s-1-2-4,all,0.3,w3,86011,27030,1999,194609,301,196608,1.0167439778645835,0.7926381429036459,./FoodSeg103_results/data/run02/4000_scribbles_all_00300_w3.png,./FoodSeg103_results/data/run02/4000_convpaint_l-0-2_s-1-2-4_all_00300_w3.png
4000,convpaint_l-0-2_s-1-2-4-8,all,0.3,w3,86011,27030,1999,194609,301,196608,1.0167439778645835,0.7671966552734375,./FoodSeg103_results/data/run02/4000_scribbles_all_00300_w3.png,./FoodSeg103_results/data/run02/4000_convpaint_l-0-2_s-1-2-4-8_all_00300_w3.png
4000,ilastik,all,0.3,w3,86011,27030,1999,194609,301,196608,1.0167439778645835,0.7957814534505209,./FoodSeg103_results/data/run02/4000_scribbles_all_00300_w3.png,./FoodSeg103_results/data/run02/4000_ilastik_all_00300_w3.png
4000,dino,all,0.3,w3,86011,27030,1999,194609,301,196608,1.0167439778645835,0.9282633463541666,./FoodSeg103_results/data/run02/4000_scribbles_all_00300_w3.png,./FoodSeg103_results/data/run02/4000_dino_all_00300_w3.png
4000,convpaint_l-0_s-1,all,1.5,w3,86011,27030,10805,185803,1408,196608,5.495707194010416,0.8981781005859375,./FoodSeg103_results/data/run02/4000_scribbles_all_01500_w3.png,./FoodSeg103_results/data/run02/4000_convpaint_l-0_s-1_all_01500_w3.png
4000,convpaint_l-0_s-1-2,all,1.5,w3,86011,27030,10805,185803,1408,196608,5.495707194010416,0.8933868408203125,./FoodSeg103_results/data/run02/4000_scribbles_all_01500_w3.png,./FoodSeg103_results/data/run02/4000_convpaint_l-0_s-1-2_all_01500_w3.png
4000,convpaint_l-0_s-1-2-4,all,1.5,w3,86011,27030,10805,185803,1408,196608,5.495707194010416,0.8860727945963541,./FoodSeg103_results/data/run02/4000_scribbles_all_01500_w3.png,./FoodSeg103_results/data/run02/4000_convpaint_l-0_s-1-2-4_all_01500_w3.png
4000,convpaint_l-0_s-1-2-4-8,all,1.5,w3,86011,27030,10805,185803,1408,196608,5.495707194010416,0.8656667073567709,./FoodSeg103_results/data/run02/4000_scribbles_all_01500_w3.png,./FoodSeg103_results/data/run02/4000_convpaint_l-0_s-1-2-4-8_all_01500_w3.png
4000,convpaint_l-0-2_s-1,all,1.5,w3,86011,27030,10805,185803,1408,196608,5.495707194010416,0.8879241943359375,./FoodSeg103_results/data/run02/4000_scribbles_all_01500_w3.png,./FoodSeg103_results/data/run02/4000_convpaint_l-0-2_s-1_all_01500_w3.png
4000,convpaint_l-0-2_s-1-2,all,1.5,w3,86011,27030,10805,185803,1408,196608,5.495707194010416,0.883087158203125,./FoodSeg103_results/data/run02/4000_scribbles_all_01500_w3.png,./FoodSeg103_results/data/run02/4000_convpaint_l-0-2_s-1-2_all_01500_w3.png
4000,convpaint_l-0-2_s-1-2-4,all,1.5,w3,86011,27030,10805,185803,1408,196608,5.495707194010416,0.8730977376302084,./FoodSeg103_results/data/run02/4000_scribbles_all_01500_w3.png,./FoodSeg103_results/data/run02/4000_convpaint_l-0-2_s-1-2-4_all_01500_w3.png
4000,convpaint_l-0-2_s-1-2-4-8,all,1.5,w3,86011,27030,10805,185803,1408,196608,5.495707194010416,0.859588623046875,./FoodSeg103_results/data/run02/4000_scribbles_all_01500_w3.png,./FoodSeg103_results/data/run02/4000_convpaint_l-0-2_s-1-2-4-8_all_01500_w3.png
4000,ilastik,all,1.5,w3,86011,27030,10805,185803,1408,196608,5.495707194010416,0.8476104736328125,./FoodSeg103_results/data/run02/4000_scribbles_all_01500_w3.png,./FoodSeg103_results/data/run02/4000_ilastik_all_01500_w3.png
4000,dino,all,1.5,w3,86011,27030,10805,185803,1408,196608,5.495707194010416,0.9348958333333334,./FoodSeg103_results/data/run02/4000_scribbles_all_01500_w3.png,./FoodSeg103_results/data/run02/4000_dino_all_01500_w3.png
